newuser2,1,1,100,133.06451612903226,0.015,-0.083,0.098,0.011,0.023,-0.012,0.031,0.062,-0.031,0.04,0.081,-0.041,0.04,0.08,-0.04,0.029,0.058,-0.029,0.095,0.061,0.034,0.062,0.124,-0.062,0.008,0.015,-0.007,0.1,0.046000000000000006,0.054,0.138,0.13,0.008,0.014,0.028,-0.014,0.105,0.095,0.01,0.026,0.052,-0.026,0.006,0.012,-0.006,0.112,0.1,0.012,0.018,0.037,-0.019,0.057,0.114,-0.057,0.036,0.072,-0.036,0.02,0.04,-0.02,0.022,0.044,-0.022,0.025,0.05,-0.025,0.093,0.084,0.009,0.041,0.082,-0.041,0.105,0.102,0.003,0.047,0.094,-0.047,0.103,0.071,0.032,0.022,0.045,-0.023,0.018,0.036,-0.018,0.07,-0.008999999999999994,0.079,0.057,0.0040000000000000036,0.053,0.081,0.053000000000000005,0.028,0.038,0.076,-0.038,0.007,0.014,-0.007,0.102,0.05299999999999999,0.049,0.072,0.144,-0.072,0.084,-0.013999999999999999,0.098,0.009,0.018,-0.009,0.013,0.027,-0.014,0.034,0.068,-0.034,0.02,0.04,-0.02,0.084,0.05500000000000001,0.029,0.038,0.076,-0.038,0.034,0.069,-0.035,0.104,0.088,0.016,0.032,0.064,-0.032,0.059,0.05499999999999999,0.004,0.009,0.018,-0.009,0.012,0.061,-0.049,0.086,0.172,-0.086,0.033,0.066,-0.033,0.009,0.019,-0.01,0.029,0.058,-0.029,0.032,0.065,-0.033,0.022,0.044,-0.022,0.088,0.08399999999999999,0.004,0.065,0.13,-0.065,0.071,0.02099999999999999,0.05,0.072,-0.0010000000000000009,0.073,0.037,0.075,-0.038,0.097,0.085,0.012,0.059,0.118,-0.059,0.039,0.078,-0.039,0.153,0.06999999999999999,0.083,0.034,0.069,-0.035,0.038,0.076,-0.038,0.053,0.106,-0.053,0.005,0.061,-0.056,0.029,0.059,-0.03,0.089,0.039999999999999994,0.049,0.018,0.111,-0.093,0.028,0.056,-0.028,0.1,0.1,0.0,0.032,0.064,-0.032,0.049,0.098,-0.049,0.011,0.022,-0.011
newuser2,1,2,93.90243902439023,96.31007144954486,0.097,-0.012999999999999998,0.11,0.045,0.09,-0.045,0.121,0.105,0.016,0.086,0.01999999999999999,0.066,0.042,0.08499999999999999,-0.043,0.023,0.046,-0.023,0.076,0.026999999999999996,0.049,0.12,0.24,-0.12,0.125,0.108,0.017,0.098,0.018000000000000002,0.08,0.025,0.05,-0.025,0.135,0.07900000000000001,0.056,0.1,0.2,-0.1,0.111,0.087,0.024,0.015,0.031,-0.016,0.111,0.097,0.014,0.02,0.04,-0.02,0.01,0.044000000000000004,-0.034,0.01,0.09599999999999999,-0.086,0.026,0.052,-0.026,0.016,0.032,-0.016,0.064,0.129,-0.065,0.127,0.119,0.008,0.039,0.078,-0.039,0.093,0.064,0.029,0.103,0.206,-0.103,0.112,0.027999999999999997,0.084,0.032,0.065,-0.033,0.108,0.068,0.04,0.099,0.035,0.064,0.071,0.018999999999999996,0.052,0.13,-0.025999999999999995,0.156,0.009,0.019,-0.01,0.031,0.063,-0.032,0.079,0.03,0.049,0.012,0.024,-0.012,0.08,0.029000000000000005,0.051,0.028,0.056,-0.028,0.01,0.02,-0.01,0.038,0.076,-0.038,0.034,0.068,-0.034,0.103,0.075,0.028,0.054,0.108,-0.054,0.034,0.069,-0.035,0.107,0.106,0.001,0.061,0.122,-0.061,0.014,0.028,-0.014,0.045,0.09,-0.045,0.016,0.089,-0.073,0.067,0.134,-0.067,0.038,0.076,-0.038,0.103,0.09599999999999999,0.007,0.046,0.092,-0.046,0.009,0.139,-0.13,0.01,0.02,-0.01,0.038,0.411,-0.373,0.043,0.087,-0.044,0.086,-0.0050000000000000044,0.091,0.063,-0.008999999999999994,0.072,0.049,0.098,-0.049,0.126,-0.132,0.258,0.009,0.059000000000000004,-0.05,0.044,0.088,-0.044,0.032,0.065,-0.033,0.032,0.064,-0.032,0.019,0.038,-0.019,0.133,0.095,0.038,0.127,0.07,0.057,0.028,0.056,-0.028,0.092,0.052,0.04,0.072,0.145,-0.073,0.027,0.054,-0.027,0.012,0.025,-0.013,0.113,0.07500000000000001,0.038,0.016,0.032,-0.016,0.125,0.616,-0.491
newuser2,1,3,95.06172839506173,118.13320369470102,0.114,0.01200000000000001,0.102,0.035,0.07,-0.035,0.016,0.032,-0.016,0.034,0.068,-0.034,0.022,0.044,-0.022,0.051,0.102,-0.051,0.109,0.040999999999999995,0.068,0.068,0.062000000000000006,0.006,0.029,0.058,-0.029,0.109,0.066,0.043,0.135,0.134,0.001,0.038,0.076,-0.038,0.133,0.114,0.019,0.009,0.018,-0.009,0.038,0.027999999999999997,0.01,0.022,0.045,-0.023,0.017,0.034,-0.017,0.027,0.06999999999999999,-0.043,0.081,0.163,-0.082,0.015,0.03,-0.015,0.012,0.999,-0.987,0.014,0.028,-0.014,0.01,0.02,-0.01,0.033,0.067,-0.034,0.11,0.107,0.003,0.029,0.059,-0.03,0.006,0.013000000000000001,-0.007,0.103,0.102,0.001,0.01,0.02,-0.01,0.077,0.009999999999999995,0.067,0.063,0.013999999999999999,0.049,0.078,0.156,-0.078,0.117,0.047,0.07,0.034,0.068,-0.034,0.071,0.026999999999999996,0.044,0.062,0.123,-0.061,0.013,0.027,-0.014,0.017,0.034,-0.017,0.011,0.022,-0.011,0.028,0.057,-0.029,0.029,0.059,-0.03,0.104,0.08499999999999999,0.019,0.008,0.08399999999999999,-0.076,0.039,0.079,-0.04,0.103,0.08499999999999999,0.018,0.059,0.118,-0.059,0.036,0.072,-0.036,0.006,0.012,-0.006,0.007,0.066,-0.059,0.081,0.162,-0.081,0.036,0.072,-0.036,0.006,0.012,-0.006,0.053,0.106,-0.053,0.028,0.056,-0.028,0.125,0.116,0.009,0.101,0.09100000000000001,0.01,0.046,0.094,-0.048,0.097,0.055,0.042,0.064,-0.008999999999999994,0.073,0.009,0.019,-0.01,0.099,0.08800000000000001,0.011,0.029,0.128,-0.099,0.05,0.1,-0.05,0.124,0.112,0.012,0.027,0.054,-0.027,0.117,0.115,0.002,0.025,0.053000000000000005,-0.028,0.013,0.027,-0.014,0.017,0.034,-0.017,0.097,0.077,0.02,0.022,0.099,-0.077,0.04,0.08,-0.04,0.012,0.024,-0.012,0.028,0.056,-0.028,0.032,0.064,-0.032,0.11,0.078,0.032
newuser2,1,4,85.55555555555556,89.02810980133542,0.11,-0.011999999999999997,0.122,0.056,0.112,-0.056,0.108,0.054,0.054,0.149,0.011999999999999983,0.137,0.015,0.03,-0.015,0.027,0.054,-0.027,0.092,0.022999999999999993,0.069,0.005,0.01,-0.005,0.15,0.077,0.073,0.118,0.05199999999999999,0.066,0.159,0.146,0.013,0.152,0.06,0.092,0.101,0.067,0.034,0.052,0.104,-0.052,0.099,0.08900000000000001,0.01,0.01,0.02,-0.01,0.014,0.028999999999999998,-0.015,0.122,0.027999999999999997,0.094,0.019,0.039,-0.02,0.019,0.038,-0.019,0.037,0.074,-0.037,0.048,0.096,-0.048,0.098,-0.0010000000000000009,0.099,0.027,0.054,-0.027,0.006,0.012,-0.006,0.036,0.072,-0.036,0.101,0.068,0.033,0.008,0.015,-0.007,0.016,0.033,-0.017,0.088,0.013999999999999999,0.074,0.053,0.0010000000000000009,0.052,0.014,0.028999999999999998,-0.015,0.027,0.055,-0.028,0.029,0.058,-0.029,0.079,0.057,0.022,0.05,0.101,-0.051,0.099,0.078,0.021,0.006,0.012,-0.006,0.033,0.067,-0.034,0.022,0.044,-0.022,0.046,0.092,-0.046,0.1,0.07200000000000001,0.028,0.055,0.111,-0.056,0.038,0.076,-0.038,0.107,0.088,0.019,0.051,0.102,-0.051,0.072,0.048999999999999995,0.023,0.021,0.042,-0.021,0.012,0.028,-0.016,0.105,0.211,-0.106,0.112,0.093,0.019,0.114,0.111,0.003,0.027,0.056999999999999995,-0.03,0.043,0.086,-0.043,0.094,0.083,0.011,0.032,0.064,-0.032,0.03,0.061,-0.031,0.08,0.013999999999999999,0.066,0.064,-0.009999999999999995,0.074,0.008,0.016,-0.008,0.026,0.053,-0.027,0.057,0.115,-0.058,0.047,0.094,-0.047,0.058,0.116,-0.058,0.022,0.044,-0.022,0.05,0.1,-0.05,0.009,0.018,-0.009,0.101,0.051000000000000004,0.05,0.032,0.065,-0.033,0.11,0.083,0.027,0.015,0.104,-0.089,0.035,0.07100000000000001,-0.036,0.022,0.046,-0.024,0.032,0.064,-0.032,0.064,0.128,-0.064,0.127,0.114,0.013
newuser2,1,5,96.25,112.14953271028038,0.108,0.010999999999999996,0.097,0.028,0.056,-0.028,0.05,0.1,-0.05,0.006,0.013000000000000001,-0.007,0.024,0.048,-0.024,0.036,0.072,-0.036,0.086,0.011999999999999997,0.074,0.105,0.103,0.002,0.146,-0.05300000000000002,0.199,0.131,0.096,0.035,0.019,0.039,-0.02,0.043,0.086,-0.043,0.105,0.075,0.03,0.01,0.020999999999999998,-0.011,0.009,0.019,-0.01,0.029,0.059,-0.03,0.008,0.016,-0.008,0.012,0.065,-0.053,0.006,0.064,-0.058,0.042,0.084,-0.042,0.09,0.089,0.001,0.027,0.055,-0.028,0.085,0.067,0.018,0.028,0.056,-0.028,0.012,0.024,-0.012,0.022,0.044,-0.022,0.117,0.095,0.022,0.105,0.104,0.001,0.026,0.052,-0.026,0.068,0.0030000000000000027,0.065,0.063,0.016,0.047,0.021,0.042,-0.021,0.052,0.105,-0.053,0.034,0.068,-0.034,0.092,0.041999999999999996,0.05,0.089,0.179,-0.09,0.091,0.020000000000000004,0.071,0.026,0.052,-0.026,0.034,0.068,-0.034,0.037,0.076,-0.039,0.034,0.069,-0.035,0.072,0.0,0.072,0.009,0.074,-0.065,0.039,0.078,-0.039,0.108,0.079,0.029,0.048,0.096,-0.048,0.028,0.056,-0.028,0.104,0.07999999999999999,0.024,0.036,0.072,-0.036,0.057,0.114,-0.057,0.117,0.10200000000000001,0.015,0.01,0.02,-0.01,0.046,0.093,-0.047,0.021,0.042,-0.021,0.015,0.031,-0.016,0.116,0.07800000000000001,0.038,0.047,0.095,-0.048,0.091,0.027999999999999997,0.063,0.052,-0.015000000000000006,0.067,0.009,0.019,-0.01,0.108,0.106,0.002,0.055,0.11,-0.055,0.117,0.116,0.001,0.096,-0.04400000000000001,0.14,0.039,0.078,-0.039,0.012,0.024,-0.012,0.022,0.045,-0.023,0.031,0.061,-0.03,0.007,0.014,-0.007,0.054,-0.047999999999999994,0.102,0.025,0.124,-0.099,0.029,0.06,-0.031,0.009,0.019,-0.01,0.03,0.06,-0.03,0.036,0.072,-0.036,0.134,0.134,0.0
newuser2,1,6,96.25,106.14772224679345,0.148,0.10799999999999998,0.04,0.028,0.056,-0.028,0.014,0.028,-0.014,0.032,0.065,-0.033,0.037,0.074,-0.037,0.045,0.091,-0.046,0.113,0.009000000000000008,0.104,0.006,0.012,-0.006,0.082,0.165,-0.083,0.122,0.095,0.027,0.018,0.036,-0.018,0.01,0.02,-0.01,0.132,0.04200000000000001,0.09,0.11,-0.009999999999999995,0.12,0.025,0.051000000000000004,-0.026,0.125,0.11699999999999999,0.008,0.031,0.062,-0.031,0.065,0.13,-0.065,0.046,0.092,-0.046,0.02,0.04,-0.02,0.024,0.049,-0.025,0.018,0.037,-0.019,0.094,0.076,0.018,0.021,0.042,-0.021,0.008,0.016,-0.008,0.047,0.094,-0.047,0.107,0.07100000000000001,0.036,0.104,0.089,0.015,0.018,0.036,-0.018,0.073,0.0049999999999999906,0.068,0.062,-0.0010000000000000009,0.063,0.08,0.052000000000000005,0.028,0.048,0.096,-0.048,0.034,0.069,-0.035,0.095,0.048,0.047,0.038,0.076,-0.038,0.111,0.043,0.068,0.009,0.019,-0.01,0.114,0.07,0.044,0.127,0.111,0.016,0.062,0.041999999999999996,0.02,0.062,0.017,0.045,0.051,0.102,-0.051,0.061,0.122,-0.061,0.009,0.018,-0.009,0.028,0.056,-0.028,0.017,0.034,-0.017,0.032,0.064,-0.032,0.009,0.065,-0.056,0.064,0.128,-0.064,0.016,0.032,-0.016,0.01,0.02,-0.01,0.034,0.067,-0.033,0.03,0.06,-0.03,0.032,0.064,-0.032,0.005,0.011,-0.006,0.092,0.184,-0.092,0.114,0.057,0.057,0.066,-0.0059999999999999915,0.072,0.043,0.086,-0.043,0.009,0.018,-0.009,0.058,0.116,-0.058,0.013,0.026,-0.013,0.034,0.068,-0.034,0.022,0.045,-0.023,0.053,0.106,-0.053,0.039,0.078,-0.039,0.012,0.026000000000000002,-0.014,0.03,0.06,-0.03,0.108,0.079,0.029,0.018,0.114,-0.096,0.044,0.088,-0.044,0.08,0.078,0.002,0.035,0.07100000000000001,-0.036,0.049,0.098,-0.049,0.122,0.106,0.016
newuser2,1,7,96.25,106.28875110717449,0.091,-0.0050000000000000044,0.096,0.024,0.049,-0.025,0.034,0.068,-0.034,0.032,0.065,-0.033,0.026,0.051000000000000004,-0.025,0.03,0.06,-0.03,0.102,0.071,0.031,0.064,0.129,-0.065,0.024,0.049,-0.025,0.08,0.025,0.055,0.06,0.12,-0.06,0.123,0.08099999999999999,0.042,0.01,0.02,-0.01,0.009,0.018,-0.009,0.008,0.016,-0.008,0.017,0.034,-0.017,0.011,0.022,-0.011,0.057,0.114,-0.057,0.056,0.112,-0.056,0.093,0.073,0.02,0.005,0.01,-0.005,0.047,0.094,-0.047,0.129,0.128,0.001,0.008,0.017,-0.009,0.092,0.089,0.003,0.021,0.042,-0.021,0.097,0.07100000000000001,0.026,0.101,0.093,0.008,0.09,0.089,0.001,0.077,0.0040000000000000036,0.073,0.058,0.0010000000000000009,0.057,0.01,0.020999999999999998,-0.011,0.054,0.108,-0.054,0.028,0.056,-0.028,0.1,0.094,0.006,0.05,0.1,-0.05,0.116,0.02800000000000001,0.088,0.043,0.086,-0.043,0.008,0.016,-0.008,0.063,0.126,-0.063,0.099,-0.032,0.131,0.101,0.08900000000000001,0.012,0.023,0.046,-0.023,0.05,0.1,-0.05,0.104,0.103,0.001,0.03,0.06,-0.03,0.034,0.068,-0.034,0.12,0.11199999999999999,0.008,0.054,0.108,-0.054,0.066,0.132,-0.066,0.04,0.08,-0.04,0.114,0.10200000000000001,0.012,0.047,0.095,-0.048,0.037,0.074,-0.037,0.084,0.619,-0.535,0.026,0.051000000000000004,-0.025,0.05,0.1,-0.05,0.088,0.017999999999999988,0.07,0.067,0.021000000000000005,0.046,0.025,0.051000000000000004,-0.026,0.104,0.09699999999999999,0.007,0.104,0.08299999999999999,0.021,0.026,0.052,-0.026,0.058,0.116,-0.058,0.011,0.023,-0.012,0.112,0.078,0.034,0.132,0.124,0.008,0.018,0.037,-0.019,0.036,0.072,-0.036,0.115,0.093,0.022,0.053,0.187,-0.134,0.054,0.109,-0.055,0.004,0.008,-0.004,0.038,0.076,-0.038,0.055,0.111,-0.056,0.145,0.13499999999999998,0.01
newuser2,1,1,100,121.91235059760955,0.114,-0.006999999999999992,0.121,0.053,0.106,-0.053,0.082,0.075,0.007,0.039,0.078,-0.039,0.078,-0.079,0.157,0.117,0.111,0.006,0.092,0.088,0.004,0.026,0.052,-0.026,0.104,0.09,0.014,0.152,0.057999999999999996,0.094,0.031,0.062,-0.031,0.009,0.018,-0.009,0.042,0.08499999999999999,-0.043,0.011,0.022,-0.011,0.094,0.073,0.021,0.021,0.042,-0.021,0.11,0.081,0.029,0.052,0.104,-0.052,0.092,0.056,0.036,0.041,0.083,-0.042,0.039,0.077,-0.038,0.088,0.063,0.025,0.051,0.102,-0.051,0.06,0.12,-0.06,0.104,0.066,0.038,0.036,0.072,-0.036,0.018,0.036,-0.018,0.074,0.148,-0.074,0.09,0.08399999999999999,0.006,0.042,0.084,-0.042,0.208,0.04099999999999998,0.167,0.013,0.026,-0.013,0.021,0.042,-0.021,0.057,0.115,-0.058,0.116,0.081,0.035,0.048,0.096,-0.048,0.01,0.02,-0.01,0.057,0.115,-0.058,0.018,0.037,-0.019,0.038,0.076,-0.038,0.075,0.039,0.036,0.087,0.174,-0.087,0.105,0.073,0.032,0.046,0.092,-0.046,0.08,0.05,0.03,0.068,0.14100000000000001,-0.073,0.003,0.078,-0.075,0.036,0.073,-0.037,0.077,0.051000000000000004,0.026,0.049,0.098,-0.049,0.035,0.07,-0.035,0.106,0.10099999999999999,0.005,0.058,0.11699999999999999,-0.059,0.019,0.038,-0.019,0.066,0.133,-0.067,0.052,0.104,-0.052,0.018,0.036,-0.018,0.081,0.163,-0.082,0.089,0.046,0.043,0.042,0.084,-0.042,0.095,0.081,0.014,0.038,0.077,-0.039,0.017,0.034,-0.017,0.054,0.108,-0.054,0.082,0.0050000000000000044,0.077,0.008,0.016,-0.008,0.044,0.088,-0.044,0.02,0.043,-0.023,0.046,0.092,-0.046,0.034,0.068,-0.034,0.07,0.05500000000000001,0.015,0.022,0.044,-0.022,0.013,0.026,-0.013,0.029,0.058,-0.029,0.013,0.027,-0.014,0.074,0.019999999999999997,0.054,0.019,0.06999999999999999,-0.051,0.049,0.099,-0.05,0.023,0.046,-0.023,0.06,0.12,-0.06,0.017,0.034,-0.017,0.082,0.022000000000000006,0.06,0.044,0.088,-0.044,0.018,0.036,-0.018,0.019,0.039,-0.02,0.098,0.022000000000000006,0.076,0.07,0.023000000000000007,0.047,0.024,0.048,-0.024,0.056,0.112,-0.056,0.038,0.077,-0.039,0.107,0.104,0.003,0.034,0.068,-0.034,0.029,0.058,-0.029,0.038,0.076,-0.038,0.031,0.063,-0.032,0.015,0.03,-0.015,0.028,0.057,-0.029,0.023,0.046,-0.023,0.006,0.047,-0.041,0.066,0.132,-0.066,0.01,0.02,-0.01
newuser2,1,2,97.14285714285714,119.39732777409267,0.107,0.051,0.056,0.037,0.074,-0.037,0.017,0.035,-0.018,0.029,0.058,-0.029,0.069,0.0030000000000000027,0.066,0.033,0.066,-0.033,0.088,0.087,0.001,0.039,0.078,-0.039,0.104,0.077,0.027,0.028,0.056,-0.028,0.041,0.082,-0.041,0.107,0.086,0.021,0.062,0.124,-0.062,0.01,0.020999999999999998,-0.011,0.008,0.016,-0.008,0.11,0.087,0.023,0.117,0.111,0.006,0.067,0.134,-0.067,0.108,0.052,0.056,0.007,0.015,-0.008,0.048,0.096,-0.048,0.092,0.091,0.001,0.054,0.108,-0.054,0.039,0.078,-0.039,0.123,0.118,0.005,0.037,0.074,-0.037,0.018,0.036,-0.018,0.086,0.173,-0.087,0.114,0.101,0.013,0.036,0.072,-0.036,0.063,0.017,0.046,0.102,0.09999999999999999,0.002,0.033,0.067,-0.034,0.039,0.078,-0.039,0.097,0.051000000000000004,0.046,0.059,0.118,-0.059,0.087,0.059,0.028,0.066,0.132,-0.066,0.015,0.03,-0.015,0.031,0.062,-0.031,0.069,0.029000000000000005,0.04,0.05,0.1,-0.05,0.103,0.071,0.032,0.056,0.113,-0.057,0.106,0.051,0.055,0.048,0.13,-0.082,0.06,0.12,-0.06,0.034,0.068,-0.034,0.062,-0.056999999999999995,0.119,0.088,0.06699999999999999,0.021,0.134,0.024000000000000007,0.11,0.109,0.08,0.029,0.062,0.124,-0.062,0.022,0.044,-0.022,0.028,0.056,-0.028,0.01,0.074,-0.064,0.028,0.057,-0.029,0.013,0.081,-0.068,0.019,0.038,-0.019,0.051,0.102,-0.051,0.086,0.05499999999999999,0.031,0.028,0.057,-0.029,0.07,0.051000000000000004,0.019,0.088,0.176,-0.088,0.114,0.07800000000000001,0.036,0.065,0.13,-0.065,0.042,0.084,-0.042,0.009,0.09499999999999999,-0.086,0.045,0.091,-0.046,0.048,0.096,-0.048,0.102,0.072,0.03,0.029,0.058,-0.029,0.045,0.091,-0.046,0.019,0.039,-0.02,0.111,0.107,0.004,0.078,-0.0020000000000000018,0.08,0.012,0.025,-0.013,0.02,0.04,-0.02,0.042,0.084,-0.042,0.041,0.082,-0.041,0.03,0.06,-0.03,0.089,0.021999999999999992,0.067,0.029,0.058,-0.029,0.011,0.023,-0.012,0.128,0.125,0.003,0.086,-0.0030000000000000027,0.089,0.034,0.068,-0.034,0.026,0.052,-0.026,0.057,0.114,-0.057,0.014,0.028,-0.014,0.046,0.092,-0.046,0.046,0.092,-0.046,0.061,0.123,-0.062,0.014,0.028999999999999998,-0.015,0.042,0.084,-0.042,0.051,0.013999999999999999,0.037,0.023,0.046,-0.023,0.015,0.03,-0.015,0.016,0.033,-0.017,0.043,0.086,-0.043,0.048,0.097,-0.049
newuser2,1,3,97.14285714285714,111.41568662127509,0.126,0.031,0.095,0.04,0.081,-0.041,0.026,0.052,-0.026,0.029,0.058,-0.029,0.079,0.011999999999999997,0.067,0.049,0.099,-0.05,0.106,0.10099999999999999,0.005,0.046,0.093,-0.047,0.11,0.066,0.044,0.017,0.034,-0.017,0.02,0.04,-0.02,0.021,0.042,-0.021,0.036,0.072,-0.036,0.086,0.07799999999999999,0.008,0.019,0.038,-0.019,0.07,-0.013999999999999999,0.084,0.081,-0.321,0.402,0.033,0.067,-0.034,0.11,0.052,0.058,0.12,0.096,0.024,0.019,0.039,-0.02,0.086,0.025999999999999995,0.06,0.022,0.044,-0.022,0.017,0.035,-0.018,0.009,0.019,-0.01,0.02,0.041,-0.021,0.013,0.026,-0.013,0.074,0.148,-0.074,0.102,0.016999999999999987,0.085,0.042,0.084,-0.042,0.09,0.044,0.046,0.032,0.064,-0.032,0.042,0.084,-0.042,0.102,0.091,0.011,0.015,0.03,-0.015,0.128,0.127,0.001,0.022,0.044,-0.022,0.025,0.05,-0.025,0.1,0.024000000000000007,0.076,0.039,0.078,-0.039,0.079,0.041,0.038,0.057,0.114,-0.057,0.124,0.07100000000000001,0.053,0.022,0.044,-0.022,0.105,0.051,0.054,0.022,0.10200000000000001,-0.08,0.056,0.113,-0.057,0.022,0.044,-0.022,0.077,0.04,0.037,0.063,0.126,-0.063,0.113,0.101,0.012,0.01,0.02,-0.01,0.031,0.062,-0.031,0.022,0.044,-0.022,0.038,0.076,-0.038,0.053,0.106,-0.053,0.023,0.046,-0.023,0.01,0.042,-0.032,0.036,0.07100000000000001,-0.035,0.046,0.092,-0.046,0.097,0.08,0.017,0.109,0.108,0.001,0.106,0.097,0.009,0.128,0.124,0.004,0.102,0.0,0.102,0.012,0.024,-0.012,0.036,0.072,-0.036,0.044,0.088,-0.044,0.032,0.064,-0.032,0.018,0.037,-0.019,0.07,0.029000000000000005,0.041,0.027,0.054,-0.027,0.01,0.020999999999999998,-0.011,0.013,0.027,-0.014,0.078,0.032,0.046,0.066,0.0010000000000000009,0.065,0.051,0.101,-0.05,0.021,0.042,-0.021,0.122,0.096,0.026,0.043,0.086,-0.043,0.031,0.063,-0.032,0.11,0.062,0.048,0.029,0.058,-0.029,0.111,0.097,0.014,0.014,0.028,-0.014,0.086,0.024999999999999994,0.061,0.015,0.031,-0.016,0.036,0.072,-0.036,0.048,0.096,-0.048,0.019,0.038,-0.019,0.009,0.018,-0.009,0.008,0.016,-0.008,0.036,0.072,-0.036,0.046,0.092,-0.046,0.008,0.017,-0.009,0.024,0.048,-0.024,0.016,0.032,-0.016,0.024,0.048,-0.024,0.02,0.04,-0.02,0.051,0.102,-0.051,0.131,0.12000000000000001,0.011
newuser2,1,4,98.07692307692307,116.61371706223136,0.099,0.020000000000000004,0.079,0.044,0.088,-0.044,0.085,0.05700000000000001,0.028,0.046,0.092,-0.046,0.092,0.019000000000000003,0.073,0.024,0.049,-0.025,0.123,0.020000000000000004,0.103,0.128,0.126,0.002,0.096,0.084,0.012,0.118,0.11699999999999999,0.001,0.046,0.093,-0.047,0.124,0.109,0.015,0.05,0.101,-0.051,0.077,-0.104,0.181,0.035,0.07100000000000001,-0.036,0.064,-0.254,0.318,0.097,-0.010999999999999996,0.108,0.029,0.058,-0.029,0.093,0.020000000000000004,0.073,0.104,0.093,0.011,0.072,0.144,-0.072,0.082,0.035,0.047,0.038,0.076,-0.038,0.042,0.084,-0.042,0.123,0.122,0.001,0.034,0.068,-0.034,0.006,0.012,-0.006,0.066,0.132,-0.066,0.024,0.048,-0.024,0.027,0.054,-0.027,0.07,0.017000000000000008,0.053,0.011,0.022,-0.011,0.046,0.092,-0.046,0.101,0.096,0.005,0.007,0.015,-0.008,0.006,0.012,-0.006,0.032,0.065,-0.033,0.061,0.123,-0.062,0.01,0.02,-0.01,0.038,0.076,-0.038,0.064,0.026000000000000002,0.038,0.05,0.1,-0.05,0.099,0.091,0.008,0.055,0.11,-0.055,0.083,0.031000000000000007,0.052,0.008,0.101,-0.093,0.037,0.074,-0.037,0.021,0.043,-0.022,0.085,0.05500000000000001,0.03,0.02,0.04,-0.02,0.029,0.058,-0.029,0.119,0.118,0.001,0.053,0.107,-0.054,0.05,0.1,-0.05,0.032,0.064,-0.032,0.036,0.073,-0.037,0.104,0.10099999999999999,0.003,0.032,0.094,-0.062,0.038,0.077,-0.039,0.032,0.064,-0.032,0.102,0.092,0.01,0.107,0.10099999999999999,0.006,0.007,0.015,-0.008,0.07,0.14400000000000002,-0.074,0.08,0.028000000000000004,0.052,0.063,0.127,-0.064,0.019,0.038,-0.019,0.023,0.047,-0.024,0.05,0.1,-0.05,0.009,0.019,-0.01,0.088,0.06699999999999999,0.021,0.033,0.067,-0.034,0.016,0.032,-0.016,0.006,0.012,-0.006,0.011,0.022,-0.011,0.087,0.030999999999999993,0.056,0.033,0.10200000000000001,-0.069,0.05,0.1,-0.05,0.121,0.12,0.001,0.054,0.109,-0.055,0.035,0.07,-0.035,0.086,0.029999999999999992,0.056,0.031,0.063,-0.032,0.038,0.076,-0.038,0.108,0.03799999999999999,0.07,0.092,0.036,0.056,0.03,0.06,-0.03,0.034,0.068,-0.034,0.039,0.079,-0.04,0.007,0.014,-0.007,0.014,0.028,-0.014,0.089,0.087,0.002,0.029,0.059,-0.03,0.051,0.102,-0.051,0.037,0.075,-0.038,0.025,-0.017,0.042,0.014,0.028,-0.014,0.022,0.045,-0.023,0.006,0.043,-0.037,0.05,0.1,-0.05,0.139,0.129,0.01
newuser2,1,5,99.02912621359224,126.45794966236957,0.101,0.017,0.084,0.03,0.06,-0.03,0.022,0.045,-0.023,0.036,0.072,-0.036,0.07,0.007000000000000006,0.063,0.041,0.08399999999999999,-0.043,0.095,0.089,0.006,0.064,0.128,-0.064,0.1,0.033,0.067,0.055,0.11,-0.055,0.007,0.014,-0.007,0.107,0.106,0.001,0.028,0.057,-0.029,0.123,0.121,0.002,0.03,0.45399999999999996,-0.424,0.081,0.045000000000000005,0.036,0.123,0.109,0.014,0.023,0.047,-0.024,0.118,0.06999999999999999,0.048,0.108,0.096,0.012,0.02,0.041,-0.021,0.06,0.0,0.06,0.052,0.104,-0.052,0.043,0.086,-0.043,0.115,0.08600000000000001,0.029,0.006,0.013000000000000001,-0.007,0.016,0.033,-0.017,0.067,0.134,-0.067,0.087,0.03899999999999999,0.048,0.037,0.074,-0.037,0.085,0.03200000000000001,0.053,0.053,0.106,-0.053,0.045,0.09,-0.045,0.029,0.058,-0.029,0.113,0.1,0.013,0.026,0.052,-0.026,0.067,0.061000000000000006,0.006,0.053,0.106,-0.053,0.093,0.092,0.001,0.02,0.041,-0.021,0.069,0.031000000000000007,0.038,0.031,0.062,-0.031,0.098,0.067,0.031,0.061,0.122,-0.061,0.102,0.047999999999999994,0.054,0.029,0.072,-0.043,0.051,0.103,-0.052,0.04,0.08,-0.04,0.092,0.048,0.044,0.025,0.051000000000000004,-0.026,0.089,0.087,0.002,0.009,0.019,-0.01,0.013,0.026,-0.013,0.042,0.084,-0.042,0.032,0.064,-0.032,0.056,0.112,-0.056,0.023,0.047,-0.024,0.019,0.085,-0.066,0.029,0.058,-0.029,0.02,0.041,-0.021,0.082,0.049,0.033,0.022,0.044,-0.022,0.083,0.063,0.02,0.083,0.166,-0.083,0.085,0.009000000000000008,0.076,0.035,0.07,-0.035,0.036,0.072,-0.036,0.011,0.079,-0.068,0.052,0.104,-0.052,0.021,0.048,-0.027,0.077,0.038,0.039,0.039,0.079,-0.04,0.036,0.073,-0.037,0.006,0.013000000000000001,-0.007,0.033,0.066,-0.033,0.076,0.009999999999999995,0.066,0.034,0.10200000000000001,-0.068,0.053,0.107,-0.054,0.131,0.11800000000000001,0.013,0.04,0.08,-0.04,0.015,0.03,-0.015,0.072,0.024999999999999994,0.047,0.045,0.092,-0.047,0.102,0.09999999999999999,0.002,0.008,0.017,-0.009,0.093,0.04,0.053,0.019,0.039,-0.02,0.029,0.058,-0.029,0.053,0.106,-0.053,0.098,0.083,0.015,0.048,0.096,-0.048,0.113,0.112,0.001,0.034,0.068,-0.034,0.04,0.08,-0.04,0.021,0.042,-0.021,0.044,0.089,-0.045,0.02,0.04,-0.02,0.126,0.118,0.008,0.129,0.116,0.013,0.031,0.062,-0.031,0.143,0.10599999999999998,0.037
newuser2,1,6,98.07692307692307,104.19971612256826,0.082,-0.0030000000000000027,0.085,0.026,0.052,-0.026,0.034,0.068,-0.034,0.018,0.036,-0.018,0.084,0.0040000000000000036,0.08,0.033,0.066,-0.033,0.088,0.065,0.023,0.069,0.139,-0.07,0.113,0.07200000000000001,0.041,0.034,0.068,-0.034,0.037,0.074,-0.037,0.131,-0.044999999999999984,0.176,0.137,-0.03999999999999998,0.177,0.113,0.089,0.024,0.061,0.122,-0.061,0.098,0.032,0.066,0.092,0.06,0.032,0.049,0.098,-0.049,0.09,0.02099999999999999,0.069,0.108,0.106,0.002,0.06,0.12,-0.06,0.093,0.079,0.014,0.043,0.086,-0.043,0.032,0.064,-0.032,0.112,0.096,0.016,0.027,0.054,-0.027,0.016,0.033,-0.017,0.062,0.124,-0.062,0.085,0.009000000000000008,0.076,0.04,0.08,-0.04,0.096,0.042,0.054,0.058,0.116,-0.058,0.042,0.084,-0.042,0.007,0.014,-0.007,0.085,0.081,0.004,0.029,0.058,-0.029,0.015,0.03,-0.015,0.052,0.104,-0.052,0.121,0.098,0.023,0.028,0.056,-0.028,0.063,0.019000000000000003,0.044,0.045,0.09,-0.045,0.099,0.083,0.016,0.066,0.132,-0.066,0.087,0.05499999999999999,0.032,0.018,0.10300000000000001,-0.085,0.053,0.106,-0.053,0.032,0.064,-0.032,0.093,0.046,0.047,0.011,0.022,-0.011,0.011,0.023,-0.012,0.109,0.108,0.001,0.014,0.055,-0.041,0.067,0.134,-0.067,0.123,0.05399999999999999,0.069,0.066,0.132,-0.066,0.189,0.182,0.007,0.144,0.13199999999999998,0.012,0.048,0.096,-0.048,0.132,0.12200000000000001,0.01,0.003,0.006,-0.003,0.005,0.01,-0.005,0.02,0.04,-0.02,0.053,0.106,-0.053,0.085,0.019000000000000003,0.066,0.044,0.089,-0.045,0.006,-0.027000000000000003,0.033,0.045,0.09,-0.045,0.063,0.126,-0.063,0.044,0.088,-0.044,0.08,0.062,0.018,0.005,0.01,-0.005,0.007,0.014,-0.007,0.014,0.028999999999999998,-0.015,0.005,0.01,-0.005,0.035,-0.031,0.066,0.012,0.08299999999999999,-0.071,0.056,0.112,-0.056,0.129,0.088,0.041,0.067,0.135,-0.068,0.024,0.048,-0.024,0.071,0.01299999999999999,0.058,0.059,0.118,-0.059,0.008,0.016,-0.008,0.022,0.044,-0.022,0.098,-0.0059999999999999915,0.104,0.015,0.03,-0.015,0.117,-0.017,0.134,0.128,-0.012999999999999984,0.141,0.102,0.039999999999999994,0.062,0.015,-0.312,0.327,0.009,0.018,-0.009,0.027,0.055,-0.028,0.025,0.051000000000000004,-0.026,0.026,0.052,-0.026,0.029,0.059,-0.03,0.114,0.109,0.005,0.015,0.031,-0.016,0.007,0.014,-0.007,0.044,0.089,-0.045,0.026,0.053,-0.027
newuser2,1,7,97.14285714285714,108.94941634241245,0.108,0.006999999999999992,0.101,0.026,0.052,-0.026,0.021,0.042,-0.021,0.117,0.05700000000000001,0.06,0.087,0.00399999999999999,0.083,0.014,0.027,-0.013,0.011,0.022,-0.011,0.036,0.073,-0.037,0.119,0.071,0.048,0.14,0.138,0.002,0.124,0.011999999999999997,0.112,0.153,0.11299999999999999,0.04,0.026,0.052,-0.026,0.008,0.017,-0.009,0.017,0.035,-0.018,0.068,-0.012999999999999998,0.081,0.082,-0.034,0.116,0.084,0.169,-0.085,0.108,0.03799999999999999,0.07,0.101,0.094,0.007,0.079,0.159,-0.08,0.084,0.068,0.016,0.056,0.112,-0.056,0.018,0.037,-0.019,0.103,0.07999999999999999,0.023,0.016,0.032,-0.016,0.026,0.052,-0.026,0.054,0.109,-0.055,0.018,0.035,-0.017,0.04,0.081,-0.041,0.084,0.037000000000000005,0.047,0.096,0.094,0.002,0.021,0.043,-0.022,0.013,0.027999999999999997,-0.015,0.086,0.06199999999999999,0.024,0.057,0.114,-0.057,0.087,0.077,0.01,0.035,0.07100000000000001,-0.036,0.111,0.043,0.068,0.036,0.072,-0.036,0.065,0.016,0.049,0.019,0.038,-0.019,0.084,0.038000000000000006,0.046,0.037,0.075,-0.038,0.071,0.011999999999999997,0.059,0.027,0.093,-0.066,0.067,0.135,-0.068,0.01,0.02,-0.01,0.059,0.037,0.022,0.01,0.020999999999999998,-0.011,0.021,0.043,-0.022,0.015,0.03,-0.015,0.056,0.112,-0.056,0.02,0.04,-0.02,0.043,0.086,-0.043,0.051,0.103,-0.052,0.034,0.069,-0.035,0.02,0.08,-0.06,0.032,0.064,-0.032,0.031,0.062,-0.031,0.08,0.077,0.003,0.005,0.01,-0.005,0.078,0.069,0.009,0.054,0.108,-0.054,0.068,-0.093,0.161,0.056,0.113,-0.057,0.024,0.05,-0.026,0.131,0.10400000000000001,0.027,0.039,0.078,-0.039,0.062,0.124,-0.062,0.111,0.097,0.014,0.025,0.05,-0.025,0.018,0.036,-0.018,0.022,0.045,-0.023,0.115,0.114,0.001,0.099,0.041,0.058,0.024,0.08,-0.056,0.049,0.098,-0.049,0.021,0.043,-0.022,0.088,0.177,-0.089,0.019,0.039,-0.02,0.077,0.04,0.037,0.055,0.11,-0.055,0.121,0.098,0.023,0.05,0.101,-0.051,0.11,0.011999999999999997,0.098,0.042,0.084,-0.042,0.014,0.028,-0.014,0.038,0.077,-0.039,0.013,0.027,-0.014,0.014,0.028,-0.014,0.11,-0.12300000000000001,0.233,0.028,0.056,-0.028,0.055,0.111,-0.056,0.029,0.058,-0.029,0.032,0.065,-0.033,0.007,0.015,-0.008,0.017,0.035,-0.018,0.129,0.11,0.019,0.019,0.038,-0.019,0.048,0.096,-0.048
newuser2,1,1,100,114.76597594551514,0.075,-0.051000000000000004,0.126,0.178,0.16399999999999998,0.014,0.007,0.014,-0.007,0.116,0.114,0.002,0.05,0.1,-0.05,0.12,0.11499999999999999,0.005,0.058,0.116,-0.058,0.099,0.062000000000000006,0.037,0.119,0.102,0.017,0.065,-0.02099999999999999,0.086,0.074,0.05399999999999999,0.02,0.031,0.069,-0.038,0.057,0.114,-0.057,0.079,0.025,0.054,0.042,0.084,-0.042,0.104,0.094,0.01,0.021,0.042,-0.021,0.036,0.072,-0.036,0.108,0.107,0.001,0.031,0.062,-0.031,0.024,0.048,-0.024,0.078,0.009999999999999995,0.068,0.025,0.05,-0.025,0.089,0.006999999999999992,0.082,0.01,0.02,-0.01,0.05,0.1,-0.05,0.09,0.02099999999999999,0.069,0.045,0.09,-0.045,0.096,0.058,0.038,0.026,0.053,-0.027,0.069,0.020000000000000004,0.049,0.043,0.087,-0.044,0.016,0.032,-0.016,0.025,0.05,-0.025,0.043,0.086,-0.043,0.099,0.096,0.003,0.005,0.01,-0.005,0.102,-0.010000000000000009,0.112,0.086,-0.215,0.301,0.108,0.077,0.031,0.073,0.146,-0.073,0.029,0.058,-0.029,0.109,0.051,0.058,0.036,0.072,-0.036,0.034,0.068,-0.034,0.035,0.07,-0.035,0.099,0.083,0.016,0.017,0.034,-0.017,0.113,0.106,0.007,0.006,0.013000000000000001,-0.007,0.067,0.052000000000000005,0.015,0.084,0.082,0.002,0.021,0.042,-0.021,0.098,0.062000000000000006,0.036,0.054,0.108,-0.054,0.035,0.07,-0.035,0.01,0.02,-0.01,0.064,0.128,-0.064,0.098,0.077,0.021,0.087,0.007999999999999993,0.079,0.027,0.054,-0.027,0.026,0.11399999999999999,-0.088,0.034,0.068,-0.034,0.112,0.112,0.0,0.091,0.045,0.046
newuser2,1,2,98.50746268656717,111.88421931533539,0.122,0.07,0.052,0.019,0.038,-0.019,0.038,0.076,-0.038,0.007,0.014,-0.007,0.067,0.135,-0.068,0.117,0.10600000000000001,0.011,0.042,0.084,-0.042,0.085,0.068,0.017,0.102,0.092,0.01,0.076,0.015,0.061,0.026,0.053,-0.027,0.008,0.016,-0.008,0.014,0.028999999999999998,-0.015,0.092,0.026999999999999996,0.065,0.034,0.068,-0.034,0.11,0.059000000000000004,0.051,0.034,0.068,-0.034,0.022,0.044,-0.022,0.007,0.014,-0.007,0.018,0.036,-0.018,0.024,0.048,-0.024,0.073,-0.012999999999999998,0.086,0.011,0.023,-0.012,0.023,0.046,-0.023,0.207,0.151,0.056,0.011,0.022,-0.011,0.01,0.02,-0.01,0.111,0.097,0.014,0.098,-0.28,0.378,0.03,0.06,-0.03,0.109,0.097,0.012,0.066,0.132,-0.066,0.022,0.044,-0.022,0.04,0.08,-0.04,0.015,0.03,-0.015,0.073,0.146,-0.073,0.03,0.06,-0.03,0.096,0.013999999999999999,0.082,0.006,0.011,-0.005,0.084,0.05600000000000001,0.028,0.021,0.042,-0.021,0.039,0.078,-0.039,0.113,0.096,0.017,0.038,0.076,-0.038,0.04,0.08,-0.04,0.048,0.096,-0.048,0.094,0.065,0.029,0.012,0.025,-0.013,0.158,0.122,0.036,0.062,0.124,-0.062,0.018,0.037,-0.019,0.034,0.068,-0.034,0.115,0.091,0.024,0.1,0.07,0.03,0.086,0.173,-0.087,0.03,0.06,-0.03,0.019,0.038,-0.019,0.066,0.132,-0.066,0.022,0.045,-0.023,0.105,0.047999999999999994,0.057,0.028,0.057,-0.029,0.013,0.104,-0.091,0.014,0.028,-0.014,0.107,0.102,0.005,0.104,0.086,0.018
newuser2,1,3,92.95774647887323,94.00860642171466,0.108,0.0040000000000000036,0.104,0.01,0.02,-0.01,0.049,0.098,-0.049,0.115,-0.02500000000000001,0.14,0.031,0.062,-0.031,0.11,0.099,0.011,0.03,0.06,-0.03,0.077,0.047,0.03,0.037,0.075,-0.038,0.072,-0.007000000000000006,0.079,0.079,0.079,0.0,0.018,0.036,-0.018,0.028,0.056,-0.028,0.108,0.099,0.009,0.008,0.016,-0.008,0.092,0.036,0.056,0.033,0.066,-0.033,0.006,0.012,-0.006,0.11,0.081,0.029,0.025,0.05,-0.025,0.037,0.075,-0.038,0.09,0.008999999999999994,0.081,0.015,0.03,-0.015,0.005,0.01,-0.005,0.105,0.077,0.028,0.075,0.15,-0.075,0.087,0.017999999999999988,0.069,0.034,0.068,-0.034,0.088,0.086,0.002,0.006,0.012,-0.006,0.08,0.057,0.023,0.016,0.032,-0.016,0.007,0.02,-0.013,0.107,-0.008000000000000007,0.115,0.044,0.088,-0.044,0.032,0.064,-0.032,0.016,0.032,-0.016,0.11,0.03900000000000001,0.071,0.104,0.08399999999999999,0.02,0.102,0.09999999999999999,0.002,0.041,0.082,-0.041,0.039,0.079,-0.04,0.105,0.041999999999999996,0.063,0.034,0.068,-0.034,0.038,0.076,-0.038,0.035,0.07,-0.035,0.103,0.072,0.031,0.01,-0.049999999999999996,0.06,0.02,0.04,-0.02,0.089,0.05399999999999999,0.035,0.022,0.044,-0.022,0.033,0.066,-0.033,0.108,0.041999999999999996,0.066,0.012,0.024,-0.012,0.056,0.112,-0.056,0.03,0.061,-0.031,0.012,0.025,-0.013,0.04,0.08,-0.04,0.08,-0.0020000000000000018,0.082,0.091,0.039,0.052,0.006,0.012,-0.006,0.042,0.084,-0.042,0.049,-0.03899999999999999,0.088,0.008,0.017,-0.009,0.131,0.116,0.015
newuser2,1,4,98.50746268656717,116.70779503556395,0.136,0.053000000000000005,0.083,0.012,0.025,-0.013,0.055,0.11,-0.055,0.018,0.036,-0.018,0.03,0.06,-0.03,0.012,0.024,-0.012,0.058,0.116,-0.058,0.084,0.05700000000000001,0.027,0.028,0.056,-0.028,0.056,-0.003999999999999997,0.06,0.004,0.008,-0.004,0.005,0.01,-0.005,0.02,0.04,-0.02,0.008,0.016,-0.008,0.042,0.08499999999999999,-0.043,0.024,0.048,-0.024,0.121,0.118,0.003,0.02,0.04,-0.02,0.007,0.014,-0.007,0.026,0.052,-0.026,0.032,0.064,-0.032,0.097,0.035,0.062,0.01,0.02,-0.01,0.102,0.08299999999999999,0.019,0.012,0.024,-0.012,0.047,0.094,-0.047,0.083,0.029000000000000005,0.054,0.03,0.06,-0.03,0.084,0.065,0.019,0.028,0.056,-0.028,0.09,0.056999999999999995,0.033,0.011,0.022,-0.011,0.051,0.103,-0.052,0.014,0.028,-0.014,0.03,0.06,-0.03,0.036,0.072,-0.036,0.031,0.062,-0.031,0.099,0.028999999999999998,0.07,0.016,0.032,-0.016,0.1,0.08,0.02,0.05,0.1,-0.05,0.027,0.054,-0.027,0.092,0.055,0.037,0.051,0.102,-0.051,0.099,0.032,0.067,0.09,-0.009000000000000008,0.099,0.086,-0.016,0.102,0.014,0.028999999999999998,-0.015,0.092,0.025999999999999995,0.066,0.02,0.04,-0.02,0.014,0.028,-0.014,0.025,0.05,-0.025,0.012,0.024,-0.012,0.113,0.07100000000000001,0.042,0.009,0.064,-0.055,0.036,0.072,-0.036,0.007,0.015,-0.008,0.093,0.186,-0.093,0.121,0.111,0.01,0.083,0.024000000000000007,0.059,0.03,0.06,-0.03,0.017,0.097,-0.08,0.024,0.048,-0.024,0.087,0.08099999999999999,0.006,0.106,0.08,0.026
newuser2,1,5,95.65217391304348,101.5577088188397,0.135,0.07100000000000001,0.064,0.116,0.115,0.001,0.042,0.08499999999999999,-0.043,0.014,0.028,-0.014,0.024,0.048,-0.024,0.076,0.152,-0.076,0.056,0.112,-0.056,0.125,0.10200000000000001,0.023,0.059,0.118,-0.059,0.076,0.009999999999999995,0.066,0.007,0.014,-0.007,0.019,0.04,-0.021,0.009,0.018,-0.009,0.007,0.015,-0.008,0.022,0.044,-0.022,0.007,0.014,-0.007,0.086,0.01899999999999999,0.067,0.058,0.03900000000000001,0.019,0.107,0.105,0.002,0.026,0.052,-0.026,0.014,0.028999999999999998,-0.015,0.096,0.017,0.079,0.005,0.01,-0.005,0.083,0.042,0.041,0.108,0.066,0.042,0.011,0.022,-0.011,0.082,0.0050000000000000044,0.077,0.014,0.028999999999999998,-0.015,0.01,0.339,-0.329,0.038,0.076,-0.038,0.111,0.10300000000000001,0.008,0.018,0.036,-0.018,0.009,0.018,-0.009,0.104,0.06899999999999999,0.035,0.038,0.076,-0.038,0.058,0.116,-0.058,0.021,0.042,-0.021,0.094,0.020000000000000004,0.074,0.118,-0.024999999999999994,0.143,0.062,0.045,0.017,0.009,0.019,-0.01,0.133,0.12400000000000001,0.009,0.025,0.05,-0.025,0.045,0.09,-0.045,0.008,0.016,-0.008,0.059,0.118,-0.059,0.097,0.07100000000000001,0.026,0.042,0.083,-0.041,0.009,0.018,-0.009,0.052,0.104,-0.052,0.03,0.06,-0.03,0.036,0.072,-0.036,0.007,0.014,-0.007,0.098,0.09,0.008,0.022,0.045,-0.023,0.013,0.026,-0.013,0.042,0.08499999999999999,-0.043,0.023,0.046,-0.023,0.046,0.092,-0.046,0.09,0.039999999999999994,0.05,0.04,0.081,-0.041,0.06,0.12,-0.06,0.027,0.054,-0.027,0.099,0.08800000000000001,0.011,0.098,0.03,0.068
newuser2,1,6,97.05882352941177,89.58173235261829,0.179,0.07899999999999999,0.1,0.031,0.063,-0.032,0.039,0.078,-0.039,0.034,0.067,-0.033,0.068,0.137,-0.069,0.122,0.11499999999999999,0.007,0.051,0.102,-0.051,0.089,0.05499999999999999,0.034,0.133,0.096,0.037,0.07,-0.012999999999999998,0.083,0.072,0.044,0.028,0.012,0.024,-0.012,0.025,0.05,-0.025,0.011,0.022,-0.011,0.084,0.169,-0.085,0.135,0.128,0.007,0.005,0.01,-0.005,0.035,0.07,-0.035,0.125,0.11699999999999999,0.008,0.129,0.531,-0.402,0.02,0.041,-0.021,0.089,0.018000000000000002,0.071,0.105,0.088,0.017,0.048,-0.05499999999999999,0.103,0.137,0.11800000000000001,0.019,0.036,0.073,-0.037,0.01,0.02,-0.01,0.096,0.047,0.049,0.111,-0.188,0.299,0.03,0.061,-0.031,0.004,0.008,-0.004,0.036,0.072,-0.036,0.03,0.06,-0.03,0.127,-0.10300000000000001,0.23,0.072,0.145,-0.073,0.028,0.057,-0.029,0.032,0.064,-0.032,0.125,0.052000000000000005,0.073,0.039,0.078,-0.039,0.111,0.044,0.067,0.033,0.067,-0.034,0.056,0.113,-0.057,0.126,0.07,0.056,0.09,-0.009000000000000008,0.099,0.005,0.01,-0.005,0.031,0.062,-0.031,0.081,-0.299,0.38,0.012,0.024,-0.012,0.03,0.06,-0.03,0.007,0.014,-0.007,0.007,0.014,-0.007,0.056,0.113,-0.057,0.114,0.067,0.047,0.063,0.034,0.029,0.033,0.066,-0.033,0.036,0.075,-0.039,0.023,0.047,-0.024,0.051,0.102,-0.051,0.028,0.056,-0.028,0.115,0.02600000000000001,0.089,0.072,0.034999999999999996,0.037,0.023,0.046,-0.023,0.02,0.04,-0.02,0.094,0.092,0.002,0.032,0.064,-0.032
newuser2,1,7,100,114.33521004763966,0.137,0.0040000000000000036,0.133,0.043,0.086,-0.043,0.036,0.072,-0.036,0.047,0.094,-0.047,0.029,0.059,-0.03,0.028,0.057,-0.029,0.059,0.118,-0.059,0.094,0.057,0.037,0.152,0.087,0.065,0.072,0.0010000000000000009,0.071,0.014,0.028999999999999998,-0.015,0.098,0.097,0.001,0.025,0.051000000000000004,-0.026,0.022,0.044,-0.022,0.022,0.045,-0.023,0.012,0.024,-0.012,0.092,0.081,0.011,0.039,0.079,-0.04,0.011,0.023,-0.012,0.039,0.078,-0.039,0.026,0.052,-0.026,0.085,0.017,0.068,0.037,0.074,-0.037,0.012,0.024,-0.012,0.01,0.02,-0.01,0.034,0.068,-0.034,0.092,0.024999999999999994,0.067,0.044,0.088,-0.044,0.024,0.048,-0.024,0.023,0.046,-0.023,0.097,0.095,0.002,0.039,0.078,-0.039,0.05,0.1,-0.05,0.045,0.09,-0.045,0.032,0.065,-0.033,0.058,0.116,-0.058,0.036,0.072,-0.036,0.1,0.045000000000000005,0.055,0.022,0.044,-0.022,0.102,0.08199999999999999,0.02,0.008,0.049,-0.041,0.044,0.088,-0.044,0.107,0.077,0.03,0.026,0.052,-0.026,0.023,0.046,-0.023,0.032,0.065,-0.033,0.012,0.024,-0.012,0.006,0.012,-0.006,0.156,0.0,0.156,0.006,0.013000000000000001,-0.007,0.129,0.113,0.016,0.025,0.051000000000000004,-0.026,0.125,-0.092,0.217,0.109,0.096,0.013,0.049,0.097,-0.048,0.039,0.078,-0.039,0.037,0.074,-0.037,0.052,0.104,-0.052,0.026,0.052,-0.026,0.118,0.066,0.052,0.03,0.06,-0.03,0.007,0.08700000000000001,-0.08,0.015,0.03,-0.015,0.007,0.014,-0.007,0.105,0.09999999999999999,0.005
newuser2,1,8,97.05882352941177,113.36482356210058,0.117,0.04100000000000001,0.076,0.015,0.03,-0.015,0.016,0.032,-0.016,0.029,0.058,-0.029,0.017,0.035,-0.018,0.058,0.11699999999999999,-0.059,0.038,0.076,-0.038,0.088,0.06999999999999999,0.018,0.042,0.08499999999999999,-0.043,0.085,0.020000000000000004,0.065,0.03,0.061,-0.031,0.007,0.014,-0.007,0.052,0.104,-0.052,0.102,0.07699999999999999,0.025,0.014,0.028,-0.014,0.086,0.08199999999999999,0.004,0.01,0.020999999999999998,-0.011,0.023,0.046,-0.023,0.114,0.113,0.001,0.032,0.064,-0.032,0.026,0.052,-0.026,0.082,0.569,-0.487,0.055,0.11,-0.055,0.034,0.068,-0.034,0.039,0.078,-0.039,0.037,0.074,-0.037,0.117,0.09100000000000001,0.026,0.122,0.11,0.012,0.103,0.022999999999999993,0.08,0.056,0.112,-0.056,0.094,0.046,0.048,0.039,0.079,-0.04,0.04,0.08,-0.04,0.022,0.044,-0.022,0.035,0.07100000000000001,-0.036,0.056,0.112,-0.056,0.041,0.082,-0.041,0.1,0.029000000000000012,0.071,0.03,0.06,-0.03,0.119,-0.069,0.188,0.052,0.104,-0.052,0.056,0.111,-0.055,0.01,0.020999999999999998,-0.011,0.043,0.086,-0.043,0.119,0.104,0.015,0.049,0.098,-0.049,0.021,0.042,-0.021,0.015,0.03,-0.015,0.158,0.124,0.034,0.063,0.126,-0.063,0.05,0.1,-0.05,0.029,0.058,-0.029,0.04,0.08,-0.04,0.103,0.06199999999999999,0.041,0.047,0.094,-0.047,0.046,0.092,-0.046,0.038,0.076,-0.038,0.021,0.042,-0.021,0.043,0.086,-0.043,0.114,0.064,0.05,0.036,0.072,-0.036,0.064,0.129,-0.065,0.021,0.042,-0.021,0.016,0.032,-0.016,0.016,0.032,-0.016
newuser2,1,9,98.50746268656717,110.59147180192572,0.119,0.091,0.028,0.009,0.018,-0.009,0.08,0.161,-0.081,0.116,0.1,0.016,0.013,0.026,-0.013,0.066,0.132,-0.066,0.041,0.083,-0.042,0.1,0.07700000000000001,0.023,0.145,0.118,0.027,0.083,0.026000000000000002,0.057,0.008,0.017,-0.009,0.004,0.049,-0.045,0.046,0.092,-0.046,0.112,0.106,0.006,0.046,0.092,-0.046,0.09,0.061,0.029,0.005,0.01,-0.005,0.008,0.016,-0.008,0.015,0.03,-0.015,0.025,0.05,-0.025,0.027,0.055,-0.028,0.094,0.034,0.06,0.02,0.04,-0.02,0.005,0.01,-0.005,0.122,0.108,0.014,0.046,0.093,-0.047,0.102,-0.007000000000000006,0.109,0.115,0.10500000000000001,0.01,0.077,0.155,-0.078,0.104,0.091,0.013,0.018,0.036,-0.018,0.033,0.066,-0.033,0.034,0.069,-0.035,0.05,0.1,-0.05,0.042,0.084,-0.042,0.045,0.09,-0.045,0.027,0.055,-0.028,0.091,0.013999999999999999,0.077,0.008,0.016,-0.008,0.089,0.064,0.025,0.036,0.073,-0.037,0.045,0.09,-0.045,0.142,0.06999999999999999,0.072,0.018,0.036,-0.018,0.045,0.091,-0.046,0.17,0.032,0.138,0.037,0.075,-0.038,0.097,0.07200000000000001,0.025,0.164,0.153,0.011,0.016,0.033,-0.017,0.026,0.052,-0.026,0.04,0.08,-0.04,0.026,0.052,-0.026,0.096,0.091,0.005,0.029,0.058,-0.029,0.041,0.082,-0.041,0.057,0.114,-0.057,0.04,0.08,-0.04,0.028,0.056,-0.028,0.09,0.045,0.045,0.03,0.06,-0.03,0.054,0.109,-0.055,0.029,0.059,-0.03,0.1,0.083,0.017,0.085,0.053000000000000005,0.032
newuser2,1,10,98.50746268656717,113.04836895388077,0.157,0.055999999999999994,0.101,0.098,0.092,0.006,0.035,0.07,-0.035,0.037,0.075,-0.038,0.068,0.137,-0.069,0.113,0.107,0.006,0.036,0.072,-0.036,0.076,0.052,0.024,0.011,0.023,-0.012,0.087,0.023999999999999994,0.063,0.015,0.03,-0.015,0.109,0.103,0.006,0.03,0.059,-0.029,0.105,0.104,0.001,0.033,0.067,-0.034,0.014,0.028999999999999998,-0.015,0.096,0.07300000000000001,0.023,0.027,0.054,-0.027,0.109,0.099,0.01,0.044,0.088,-0.044,0.032,0.064,-0.032,0.109,0.061,0.048,0.066,0.133,-0.067,0.019,0.039,-0.02,0.012,0.024,-0.012,0.078,0.157,-0.079,0.006,0.012,-0.006,0.019,0.038,-0.019,0.104,0.078,0.026,0.043,0.086,-0.043,0.114,0.092,0.022,0.041,0.082,-0.041,0.038,0.076,-0.038,0.042,0.084,-0.042,0.05,0.1,-0.05,0.051,0.102,-0.051,0.034,0.068,-0.034,0.104,0.047999999999999994,0.056,0.016,0.032,-0.016,0.099,0.07600000000000001,0.023,0.038,0.077,-0.039,0.043,0.086,-0.043,0.139,0.10900000000000001,0.03,0.035,0.07,-0.035,0.025,-0.092,0.117,0.114,0.07200000000000001,0.042,0.032,0.065,-0.033,0.115,0.111,0.004,0.134,0.1,0.034,0.042,0.084,-0.042,0.022,0.044,-0.022,0.027,0.055,-0.028,0.014,0.028,-0.014,0.005,0.01,-0.005,0.043,0.086,-0.043,0.015,0.03,-0.015,0.041,0.082,-0.041,0.037,0.075,-0.038,0.099,0.08900000000000001,0.01,0.046,-0.034,0.08,0.008,0.016,-0.008,0.05,0.1,-0.05,0.107,0.10099999999999999,0.006,0.087,0.086,0.001,0.015,0.03,-0.015
newuser2,1,1,100,114.76597594551514,0.075,-0.051000000000000004,0.126,0.178,0.16399999999999998,0.014,0.007,0.014,-0.007,0.116,0.114,0.002,0.05,0.1,-0.05,0.12,0.11499999999999999,0.005,0.058,0.116,-0.058,0.099,0.062000000000000006,0.037,0.119,0.102,0.017,0.065,-0.02099999999999999,0.086,0.074,0.05399999999999999,0.02,0.031,0.069,-0.038,0.057,0.114,-0.057,0.079,0.025,0.054,0.042,0.084,-0.042,0.104,0.094,0.01,0.021,0.042,-0.021,0.036,0.072,-0.036,0.108,0.107,0.001,0.031,0.062,-0.031,0.024,0.048,-0.024,0.078,0.009999999999999995,0.068,0.025,0.05,-0.025,0.089,0.006999999999999992,0.082,0.01,0.02,-0.01,0.05,0.1,-0.05,0.09,0.02099999999999999,0.069,0.045,0.09,-0.045,0.096,0.058,0.038,0.026,0.053,-0.027,0.069,0.020000000000000004,0.049,0.043,0.087,-0.044,0.016,0.032,-0.016,0.025,0.05,-0.025,0.043,0.086,-0.043,0.099,0.096,0.003,0.005,0.01,-0.005,0.102,-0.010000000000000009,0.112,0.086,-0.215,0.301,0.108,0.077,0.031,0.073,0.146,-0.073,0.029,0.058,-0.029,0.109,0.051,0.058,0.036,0.072,-0.036,0.034,0.068,-0.034,0.035,0.07,-0.035,0.099,0.083,0.016,0.017,0.034,-0.017,0.113,0.106,0.007,0.006,0.013000000000000001,-0.007,0.067,0.052000000000000005,0.015,0.084,0.082,0.002,0.021,0.042,-0.021,0.098,0.062000000000000006,0.036,0.054,0.108,-0.054,0.035,0.07,-0.035,0.01,0.02,-0.01,0.064,0.128,-0.064,0.098,0.077,0.021,0.087,0.007999999999999993,0.079,0.027,0.054,-0.027,0.026,0.11399999999999999,-0.088,0.034,0.068,-0.034,0.112,0.112,0.0,0.091,0.045,0.046
newuser2,1,2,98.50746268656717,111.88421931533539,0.122,0.07,0.052,0.019,0.038,-0.019,0.038,0.076,-0.038,0.007,0.014,-0.007,0.067,0.135,-0.068,0.117,0.10600000000000001,0.011,0.042,0.084,-0.042,0.085,0.068,0.017,0.102,0.092,0.01,0.076,0.015,0.061,0.026,0.053,-0.027,0.008,0.016,-0.008,0.014,0.028999999999999998,-0.015,0.092,0.026999999999999996,0.065,0.034,0.068,-0.034,0.11,0.059000000000000004,0.051,0.034,0.068,-0.034,0.022,0.044,-0.022,0.007,0.014,-0.007,0.018,0.036,-0.018,0.024,0.048,-0.024,0.073,-0.012999999999999998,0.086,0.011,0.023,-0.012,0.023,0.046,-0.023,0.207,0.151,0.056,0.011,0.022,-0.011,0.01,0.02,-0.01,0.111,0.097,0.014,0.098,-0.28,0.378,0.03,0.06,-0.03,0.109,0.097,0.012,0.066,0.132,-0.066,0.022,0.044,-0.022,0.04,0.08,-0.04,0.015,0.03,-0.015,0.073,0.146,-0.073,0.03,0.06,-0.03,0.096,0.013999999999999999,0.082,0.006,0.011,-0.005,0.084,0.05600000000000001,0.028,0.021,0.042,-0.021,0.039,0.078,-0.039,0.113,0.096,0.017,0.038,0.076,-0.038,0.04,0.08,-0.04,0.048,0.096,-0.048,0.094,0.065,0.029,0.012,0.025,-0.013,0.158,0.122,0.036,0.062,0.124,-0.062,0.018,0.037,-0.019,0.034,0.068,-0.034,0.115,0.091,0.024,0.1,0.07,0.03,0.086,0.173,-0.087,0.03,0.06,-0.03,0.019,0.038,-0.019,0.066,0.132,-0.066,0.022,0.045,-0.023,0.105,0.047999999999999994,0.057,0.028,0.057,-0.029,0.013,0.104,-0.091,0.014,0.028,-0.014,0.107,0.102,0.005,0.104,0.086,0.018
newuser2,1,3,92.95774647887323,94.00860642171466,0.108,0.0040000000000000036,0.104,0.01,0.02,-0.01,0.049,0.098,-0.049,0.115,-0.02500000000000001,0.14,0.031,0.062,-0.031,0.11,0.099,0.011,0.03,0.06,-0.03,0.077,0.047,0.03,0.037,0.075,-0.038,0.072,-0.007000000000000006,0.079,0.079,0.079,0.0,0.018,0.036,-0.018,0.028,0.056,-0.028,0.108,0.099,0.009,0.008,0.016,-0.008,0.092,0.036,0.056,0.033,0.066,-0.033,0.006,0.012,-0.006,0.11,0.081,0.029,0.025,0.05,-0.025,0.037,0.075,-0.038,0.09,0.008999999999999994,0.081,0.015,0.03,-0.015,0.005,0.01,-0.005,0.105,0.077,0.028,0.075,0.15,-0.075,0.087,0.017999999999999988,0.069,0.034,0.068,-0.034,0.088,0.086,0.002,0.006,0.012,-0.006,0.08,0.057,0.023,0.016,0.032,-0.016,0.007,0.02,-0.013,0.107,-0.008000000000000007,0.115,0.044,0.088,-0.044,0.032,0.064,-0.032,0.016,0.032,-0.016,0.11,0.03900000000000001,0.071,0.104,0.08399999999999999,0.02,0.102,0.09999999999999999,0.002,0.041,0.082,-0.041,0.039,0.079,-0.04,0.105,0.041999999999999996,0.063,0.034,0.068,-0.034,0.038,0.076,-0.038,0.035,0.07,-0.035,0.103,0.072,0.031,0.01,-0.049999999999999996,0.06,0.02,0.04,-0.02,0.089,0.05399999999999999,0.035,0.022,0.044,-0.022,0.033,0.066,-0.033,0.108,0.041999999999999996,0.066,0.012,0.024,-0.012,0.056,0.112,-0.056,0.03,0.061,-0.031,0.012,0.025,-0.013,0.04,0.08,-0.04,0.08,-0.0020000000000000018,0.082,0.091,0.039,0.052,0.006,0.012,-0.006,0.042,0.084,-0.042,0.049,-0.03899999999999999,0.088,0.008,0.017,-0.009,0.131,0.116,0.015
newuser2,1,4,98.50746268656717,116.70779503556395,0.136,0.053000000000000005,0.083,0.012,0.025,-0.013,0.055,0.11,-0.055,0.018,0.036,-0.018,0.03,0.06,-0.03,0.012,0.024,-0.012,0.058,0.116,-0.058,0.084,0.05700000000000001,0.027,0.028,0.056,-0.028,0.056,-0.003999999999999997,0.06,0.004,0.008,-0.004,0.005,0.01,-0.005,0.02,0.04,-0.02,0.008,0.016,-0.008,0.042,0.08499999999999999,-0.043,0.024,0.048,-0.024,0.121,0.118,0.003,0.02,0.04,-0.02,0.007,0.014,-0.007,0.026,0.052,-0.026,0.032,0.064,-0.032,0.097,0.035,0.062,0.01,0.02,-0.01,0.102,0.08299999999999999,0.019,0.012,0.024,-0.012,0.047,0.094,-0.047,0.083,0.029000000000000005,0.054,0.03,0.06,-0.03,0.084,0.065,0.019,0.028,0.056,-0.028,0.09,0.056999999999999995,0.033,0.011,0.022,-0.011,0.051,0.103,-0.052,0.014,0.028,-0.014,0.03,0.06,-0.03,0.036,0.072,-0.036,0.031,0.062,-0.031,0.099,0.028999999999999998,0.07,0.016,0.032,-0.016,0.1,0.08,0.02,0.05,0.1,-0.05,0.027,0.054,-0.027,0.092,0.055,0.037,0.051,0.102,-0.051,0.099,0.032,0.067,0.09,-0.009000000000000008,0.099,0.086,-0.016,0.102,0.014,0.028999999999999998,-0.015,0.092,0.025999999999999995,0.066,0.02,0.04,-0.02,0.014,0.028,-0.014,0.025,0.05,-0.025,0.012,0.024,-0.012,0.113,0.07100000000000001,0.042,0.009,0.064,-0.055,0.036,0.072,-0.036,0.007,0.015,-0.008,0.093,0.186,-0.093,0.121,0.111,0.01,0.083,0.024000000000000007,0.059,0.03,0.06,-0.03,0.017,0.097,-0.08,0.024,0.048,-0.024,0.087,0.08099999999999999,0.006,0.106,0.08,0.026
newuser2,1,5,95.65217391304348,101.5577088188397,0.135,0.07100000000000001,0.064,0.116,0.115,0.001,0.042,0.08499999999999999,-0.043,0.014,0.028,-0.014,0.024,0.048,-0.024,0.076,0.152,-0.076,0.056,0.112,-0.056,0.125,0.10200000000000001,0.023,0.059,0.118,-0.059,0.076,0.009999999999999995,0.066,0.007,0.014,-0.007,0.019,0.04,-0.021,0.009,0.018,-0.009,0.007,0.015,-0.008,0.022,0.044,-0.022,0.007,0.014,-0.007,0.086,0.01899999999999999,0.067,0.058,0.03900000000000001,0.019,0.107,0.105,0.002,0.026,0.052,-0.026,0.014,0.028999999999999998,-0.015,0.096,0.017,0.079,0.005,0.01,-0.005,0.083,0.042,0.041,0.108,0.066,0.042,0.011,0.022,-0.011,0.082,0.0050000000000000044,0.077,0.014,0.028999999999999998,-0.015,0.01,0.339,-0.329,0.038,0.076,-0.038,0.111,0.10300000000000001,0.008,0.018,0.036,-0.018,0.009,0.018,-0.009,0.104,0.06899999999999999,0.035,0.038,0.076,-0.038,0.058,0.116,-0.058,0.021,0.042,-0.021,0.094,0.020000000000000004,0.074,0.118,-0.024999999999999994,0.143,0.062,0.045,0.017,0.009,0.019,-0.01,0.133,0.12400000000000001,0.009,0.025,0.05,-0.025,0.045,0.09,-0.045,0.008,0.016,-0.008,0.059,0.118,-0.059,0.097,0.07100000000000001,0.026,0.042,0.083,-0.041,0.009,0.018,-0.009,0.052,0.104,-0.052,0.03,0.06,-0.03,0.036,0.072,-0.036,0.007,0.014,-0.007,0.098,0.09,0.008,0.022,0.045,-0.023,0.013,0.026,-0.013,0.042,0.08499999999999999,-0.043,0.023,0.046,-0.023,0.046,0.092,-0.046,0.09,0.039999999999999994,0.05,0.04,0.081,-0.041,0.06,0.12,-0.06,0.027,0.054,-0.027,0.099,0.08800000000000001,0.011,0.098,0.03,0.068
newuser2,1,6,97.05882352941177,89.58173235261829,0.179,0.07899999999999999,0.1,0.031,0.063,-0.032,0.039,0.078,-0.039,0.034,0.067,-0.033,0.068,0.137,-0.069,0.122,0.11499999999999999,0.007,0.051,0.102,-0.051,0.089,0.05499999999999999,0.034,0.133,0.096,0.037,0.07,-0.012999999999999998,0.083,0.072,0.044,0.028,0.012,0.024,-0.012,0.025,0.05,-0.025,0.011,0.022,-0.011,0.084,0.169,-0.085,0.135,0.128,0.007,0.005,0.01,-0.005,0.035,0.07,-0.035,0.125,0.11699999999999999,0.008,0.129,0.531,-0.402,0.02,0.041,-0.021,0.089,0.018000000000000002,0.071,0.105,0.088,0.017,0.048,-0.05499999999999999,0.103,0.137,0.11800000000000001,0.019,0.036,0.073,-0.037,0.01,0.02,-0.01,0.096,0.047,0.049,0.111,-0.188,0.299,0.03,0.061,-0.031,0.004,0.008,-0.004,0.036,0.072,-0.036,0.03,0.06,-0.03,0.127,-0.10300000000000001,0.23,0.072,0.145,-0.073,0.028,0.057,-0.029,0.032,0.064,-0.032,0.125,0.052000000000000005,0.073,0.039,0.078,-0.039,0.111,0.044,0.067,0.033,0.067,-0.034,0.056,0.113,-0.057,0.126,0.07,0.056,0.09,-0.009000000000000008,0.099,0.005,0.01,-0.005,0.031,0.062,-0.031,0.081,-0.299,0.38,0.012,0.024,-0.012,0.03,0.06,-0.03,0.007,0.014,-0.007,0.007,0.014,-0.007,0.056,0.113,-0.057,0.114,0.067,0.047,0.063,0.034,0.029,0.033,0.066,-0.033,0.036,0.075,-0.039,0.023,0.047,-0.024,0.051,0.102,-0.051,0.028,0.056,-0.028,0.115,0.02600000000000001,0.089,0.072,0.034999999999999996,0.037,0.023,0.046,-0.023,0.02,0.04,-0.02,0.094,0.092,0.002,0.032,0.064,-0.032
newuser2,1,7,100,114.33521004763966,0.137,0.0040000000000000036,0.133,0.043,0.086,-0.043,0.036,0.072,-0.036,0.047,0.094,-0.047,0.029,0.059,-0.03,0.028,0.057,-0.029,0.059,0.118,-0.059,0.094,0.057,0.037,0.152,0.087,0.065,0.072,0.0010000000000000009,0.071,0.014,0.028999999999999998,-0.015,0.098,0.097,0.001,0.025,0.051000000000000004,-0.026,0.022,0.044,-0.022,0.022,0.045,-0.023,0.012,0.024,-0.012,0.092,0.081,0.011,0.039,0.079,-0.04,0.011,0.023,-0.012,0.039,0.078,-0.039,0.026,0.052,-0.026,0.085,0.017,0.068,0.037,0.074,-0.037,0.012,0.024,-0.012,0.01,0.02,-0.01,0.034,0.068,-0.034,0.092,0.024999999999999994,0.067,0.044,0.088,-0.044,0.024,0.048,-0.024,0.023,0.046,-0.023,0.097,0.095,0.002,0.039,0.078,-0.039,0.05,0.1,-0.05,0.045,0.09,-0.045,0.032,0.065,-0.033,0.058,0.116,-0.058,0.036,0.072,-0.036,0.1,0.045000000000000005,0.055,0.022,0.044,-0.022,0.102,0.08199999999999999,0.02,0.008,0.049,-0.041,0.044,0.088,-0.044,0.107,0.077,0.03,0.026,0.052,-0.026,0.023,0.046,-0.023,0.032,0.065,-0.033,0.012,0.024,-0.012,0.006,0.012,-0.006,0.156,0.0,0.156,0.006,0.013000000000000001,-0.007,0.129,0.113,0.016,0.025,0.051000000000000004,-0.026,0.125,-0.092,0.217,0.109,0.096,0.013,0.049,0.097,-0.048,0.039,0.078,-0.039,0.037,0.074,-0.037,0.052,0.104,-0.052,0.026,0.052,-0.026,0.118,0.066,0.052,0.03,0.06,-0.03,0.007,0.08700000000000001,-0.08,0.015,0.03,-0.015,0.007,0.014,-0.007,0.105,0.09999999999999999,0.005
newuser2,1,8,97.05882352941177,113.36482356210058,0.117,0.04100000000000001,0.076,0.015,0.03,-0.015,0.016,0.032,-0.016,0.029,0.058,-0.029,0.017,0.035,-0.018,0.058,0.11699999999999999,-0.059,0.038,0.076,-0.038,0.088,0.06999999999999999,0.018,0.042,0.08499999999999999,-0.043,0.085,0.020000000000000004,0.065,0.03,0.061,-0.031,0.007,0.014,-0.007,0.052,0.104,-0.052,0.102,0.07699999999999999,0.025,0.014,0.028,-0.014,0.086,0.08199999999999999,0.004,0.01,0.020999999999999998,-0.011,0.023,0.046,-0.023,0.114,0.113,0.001,0.032,0.064,-0.032,0.026,0.052,-0.026,0.082,0.569,-0.487,0.055,0.11,-0.055,0.034,0.068,-0.034,0.039,0.078,-0.039,0.037,0.074,-0.037,0.117,0.09100000000000001,0.026,0.122,0.11,0.012,0.103,0.022999999999999993,0.08,0.056,0.112,-0.056,0.094,0.046,0.048,0.039,0.079,-0.04,0.04,0.08,-0.04,0.022,0.044,-0.022,0.035,0.07100000000000001,-0.036,0.056,0.112,-0.056,0.041,0.082,-0.041,0.1,0.029000000000000012,0.071,0.03,0.06,-0.03,0.119,-0.069,0.188,0.052,0.104,-0.052,0.056,0.111,-0.055,0.01,0.020999999999999998,-0.011,0.043,0.086,-0.043,0.119,0.104,0.015,0.049,0.098,-0.049,0.021,0.042,-0.021,0.015,0.03,-0.015,0.158,0.124,0.034,0.063,0.126,-0.063,0.05,0.1,-0.05,0.029,0.058,-0.029,0.04,0.08,-0.04,0.103,0.06199999999999999,0.041,0.047,0.094,-0.047,0.046,0.092,-0.046,0.038,0.076,-0.038,0.021,0.042,-0.021,0.043,0.086,-0.043,0.114,0.064,0.05,0.036,0.072,-0.036,0.064,0.129,-0.065,0.021,0.042,-0.021,0.016,0.032,-0.016,0.016,0.032,-0.016
newuser2,1,9,98.50746268656717,110.59147180192572,0.119,0.091,0.028,0.009,0.018,-0.009,0.08,0.161,-0.081,0.116,0.1,0.016,0.013,0.026,-0.013,0.066,0.132,-0.066,0.041,0.083,-0.042,0.1,0.07700000000000001,0.023,0.145,0.118,0.027,0.083,0.026000000000000002,0.057,0.008,0.017,-0.009,0.004,0.049,-0.045,0.046,0.092,-0.046,0.112,0.106,0.006,0.046,0.092,-0.046,0.09,0.061,0.029,0.005,0.01,-0.005,0.008,0.016,-0.008,0.015,0.03,-0.015,0.025,0.05,-0.025,0.027,0.055,-0.028,0.094,0.034,0.06,0.02,0.04,-0.02,0.005,0.01,-0.005,0.122,0.108,0.014,0.046,0.093,-0.047,0.102,-0.007000000000000006,0.109,0.115,0.10500000000000001,0.01,0.077,0.155,-0.078,0.104,0.091,0.013,0.018,0.036,-0.018,0.033,0.066,-0.033,0.034,0.069,-0.035,0.05,0.1,-0.05,0.042,0.084,-0.042,0.045,0.09,-0.045,0.027,0.055,-0.028,0.091,0.013999999999999999,0.077,0.008,0.016,-0.008,0.089,0.064,0.025,0.036,0.073,-0.037,0.045,0.09,-0.045,0.142,0.06999999999999999,0.072,0.018,0.036,-0.018,0.045,0.091,-0.046,0.17,0.032,0.138,0.037,0.075,-0.038,0.097,0.07200000000000001,0.025,0.164,0.153,0.011,0.016,0.033,-0.017,0.026,0.052,-0.026,0.04,0.08,-0.04,0.026,0.052,-0.026,0.096,0.091,0.005,0.029,0.058,-0.029,0.041,0.082,-0.041,0.057,0.114,-0.057,0.04,0.08,-0.04,0.028,0.056,-0.028,0.09,0.045,0.045,0.03,0.06,-0.03,0.054,0.109,-0.055,0.029,0.059,-0.03,0.1,0.083,0.017,0.085,0.053000000000000005,0.032
newuser2,1,10,98.50746268656717,113.04836895388077,0.157,0.055999999999999994,0.101,0.098,0.092,0.006,0.035,0.07,-0.035,0.037,0.075,-0.038,0.068,0.137,-0.069,0.113,0.107,0.006,0.036,0.072,-0.036,0.076,0.052,0.024,0.011,0.023,-0.012,0.087,0.023999999999999994,0.063,0.015,0.03,-0.015,0.109,0.103,0.006,0.03,0.059,-0.029,0.105,0.104,0.001,0.033,0.067,-0.034,0.014,0.028999999999999998,-0.015,0.096,0.07300000000000001,0.023,0.027,0.054,-0.027,0.109,0.099,0.01,0.044,0.088,-0.044,0.032,0.064,-0.032,0.109,0.061,0.048,0.066,0.133,-0.067,0.019,0.039,-0.02,0.012,0.024,-0.012,0.078,0.157,-0.079,0.006,0.012,-0.006,0.019,0.038,-0.019,0.104,0.078,0.026,0.043,0.086,-0.043,0.114,0.092,0.022,0.041,0.082,-0.041,0.038,0.076,-0.038,0.042,0.084,-0.042,0.05,0.1,-0.05,0.051,0.102,-0.051,0.034,0.068,-0.034,0.104,0.047999999999999994,0.056,0.016,0.032,-0.016,0.099,0.07600000000000001,0.023,0.038,0.077,-0.039,0.043,0.086,-0.043,0.139,0.10900000000000001,0.03,0.035,0.07,-0.035,0.025,-0.092,0.117,0.114,0.07200000000000001,0.042,0.032,0.065,-0.033,0.115,0.111,0.004,0.134,0.1,0.034,0.042,0.084,-0.042,0.022,0.044,-0.022,0.027,0.055,-0.028,0.014,0.028,-0.014,0.005,0.01,-0.005,0.043,0.086,-0.043,0.015,0.03,-0.015,0.041,0.082,-0.041,0.037,0.075,-0.038,0.099,0.08900000000000001,0.01,0.046,-0.034,0.08,0.008,0.016,-0.008,0.05,0.1,-0.05,0.107,0.10099999999999999,0.006,0.087,0.086,0.001,0.015,0.03,-0.015
newuser2,1,1,100,103.92713155144094,0.018,-0.028,0.046,0.027,0.054,-0.027,0.048,0.096,-0.048,0.136,0.11800000000000001,0.018,0.012,0.024,-0.012,0.132,-0.092,0.224,0.035,0.07,-0.035,0.1,0.064,0.036,0.066,0.046,0.02,0.127,-0.278,0.405,0.044,0.088,-0.044,0.081,0.162,-0.081,0.142,0.13999999999999999,0.002,0.141,0.05799999999999998,0.083,0.04,0.08,-0.04,0.128,0.069,0.059,0.094,0.037,0.057,0.039,0.08399999999999999,-0.045,0.119,0.088,0.031,0.024,0.048,-0.024,0.089,0.179,-0.09,0.025,0.05,-0.025,0.011,0.022,-0.011,0.044,0.088,-0.044,0.04,0.08,-0.04,0.009,0.018,-0.009,0.096,-0.099,0.195,0.037,0.074,-0.037,0.11,0.107,0.003,0.043,0.086,-0.043,0.051,0.102,-0.051,0.045,0.09,-0.045,0.016,0.032,-0.016,0.025,0.05,-0.025,0.096,0.028999999999999998,0.067,0.025,0.10700000000000001,-0.082,0.037,0.075,-0.038,0.093,0.078,0.015,0.039,0.079,-0.04,0.077,0.069,0.008,0.023,0.046,-0.023,0.026,0.052,-0.026,0.096,0.08600000000000001,0.01,0.018,0.036,-0.018,0.014,0.028,-0.014,0.046,0.092,-0.046,0.052,0.104,-0.052,0.069,0.04100000000000001,0.028,0.017,0.034,-0.017,0.095,0.031,0.064,0.084,0.169,-0.085,0.086,0.021999999999999992,0.064,0.047,0.094,-0.047,0.082,0.053000000000000005,0.029,0.096,-0.008999999999999994,0.105,0.063,0.126,-0.063,0.089,-0.064,0.153
newuser2,1,2,96.66666666666667,100.47446274072007,0.095,-0.007999999999999993,0.103,0.084,0.07500000000000001,0.009,0.051,0.103,-0.052,0.012,0.025,-0.013,0.028,0.056,-0.028,0.126,0.048,0.078,0.052,0.105,-0.053,0.026,0.052,-0.026,0.072,0.0,0.072,0.035,0.089,-0.054,0.085,0.17,-0.085,0.155,0.149,0.006,0.11,0.033,0.077,0.134,-0.011999999999999983,0.146,0.046,0.092,-0.046,0.122,0.07100000000000001,0.051,0.087,0.486,-0.399,0.008,0.016,-0.008,0.012,0.025,-0.013,0.07,0.05600000000000001,0.014,0.047,0.094,-0.047,0.01,0.020999999999999998,-0.011,0.034,0.068,-0.034,0.044,0.088,-0.044,0.031,0.062,-0.031,0.026,0.052,-0.026,0.029,0.059,-0.03,0.03,0.061,-0.031,0.042,0.084,-0.042,0.013,0.028999999999999998,-0.016,0.018,0.08700000000000001,-0.069,0.053,0.106,-0.053,0.029,0.058,-0.029,0.006,0.012,-0.006,0.077,0.0020000000000000018,0.075,0.102,0.091,0.011,0.028,0.057,-0.029,0.088,0.073,0.015,0.018,0.036,-0.018,0.005,0.01,-0.005,0.024,0.048,-0.024,0.072,0.144,-0.072,0.12,0.018000000000000002,0.102,0.011,0.022,-0.011,0.126,0.126,0.0,0.052,0.104,-0.052,0.05,0.1,-0.05,0.066,0.044000000000000004,0.022,0.095,0.059000000000000004,0.036,0.08,0.028000000000000004,0.052,0.062,0.124,-0.062,0.131,0.125,0.006,0.118,0.236,-0.118,0.006,0.012,-0.006,0.024,0.048,-0.024,0.022,0.044,-0.022,0.076,-0.073,0.149
newuser2,1,3,92.06349206349206,88.462438567751,0.058,-0.000999999999999994,0.059,0.005,0.011,-0.006,0.085,-0.48699999999999993,0.572,0.03,0.06,-0.03,0.09,0.077,0.013,0.123,-0.08000000000000002,0.203,0.03,0.06,-0.03,0.1,0.094,0.006,0.068,-0.002999999999999989,0.071,0.02,0.041,-0.021,0.066,0.132,-0.066,0.041,0.083,-0.042,0.038,0.076,-0.038,0.137,0.516,-0.379,0.041,0.082,-0.041,0.115,0.08,0.035,0.122,0.068,0.054,0.031,0.062,-0.031,0.027,0.055,-0.028,0.015,0.03,-0.015,0.048,0.096,-0.048,0.011,0.022,-0.011,0.004,0.009000000000000001,-0.005,0.068,0.137,-0.069,0.027,0.054,-0.027,0.037,0.074,-0.037,0.038,0.076,-0.038,0.044,0.088,-0.044,0.034,0.068,-0.034,0.011,0.022,-0.011,0.05,0.1,-0.05,0.128,0.03900000000000001,0.089,0.091,-0.035,0.126,0.098,0.096,0.002,0.048,-0.023999999999999994,0.072,0.037,0.122,-0.085,0.04,0.08,-0.04,0.102,0.08099999999999999,0.021,0.03,0.06,-0.03,0.005,0.011,-0.006,0.015,0.03,-0.015,0.048,0.097,-0.049,0.01,0.812,-0.802,0.143,-0.12600000000000003,0.269,0.008,0.016,-0.008,0.038,0.076,-0.038,0.04,0.081,-0.041,0.08,0.052000000000000005,0.028,0.095,0.077,0.018,0.09,0.01999999999999999,0.07,0.07,0.14100000000000001,-0.071,0.072,0.00399999999999999,0.068,0.038,0.077,-0.039,0.088,0.064,0.024,0.066,0.060000000000000005,0.006,0.059,0.119,-0.06,0.076,-0.036000000000000004,0.112
newuser2,1,4,98.30508474576271,114.3595541915684,0.102,0.03399999999999999,0.068,0.017,0.035,-0.018,0.058,0.116,-0.058,0.106,0.087,0.019,0.022,0.044,-0.022,0.149,0.491,-0.342,0.042,0.084,-0.042,0.118,0.096,0.022,0.064,0.0050000000000000044,0.059,0.033,0.109,-0.076,0.034,0.068,-0.034,0.028,0.056,-0.028,0.12,0.09999999999999999,0.02,0.131,0.123,0.008,0.042,0.08499999999999999,-0.043,0.109,0.052,0.057,0.09,0.026999999999999996,0.063,0.029,0.058,-0.029,0.095,0.085,0.01,0.044,0.088,-0.044,0.074,0.148,-0.074,0.027,0.054,-0.027,0.016,0.032,-0.016,0.068,0.136,-0.068,0.037,0.074,-0.037,0.085,0.083,0.002,0.028,0.057,-0.029,0.012,0.024,-0.012,0.066,0.132,-0.066,0.123,0.096,0.027,0.023,0.096,-0.073,0.066,0.132,-0.066,0.129,0.113,0.016,0.022,0.044,-0.022,0.088,0.008999999999999994,0.079,0.04,0.122,-0.082,0.042,0.084,-0.042,0.105,0.065,0.04,0.035,0.07,-0.035,0.099,0.099,0.0,0.033,0.066,-0.033,0.03,0.06,-0.03,0.119,0.11699999999999999,0.002,0.111,0.111,0.0,0.016,0.032,-0.016,0.044,0.088,-0.044,0.053,0.107,-0.054,0.072,0.047999999999999994,0.024,0.014,0.028,-0.014,0.095,0.021000000000000005,0.074,0.061,0.122,-0.061,0.078,0.008999999999999994,0.069,0.045,0.09,-0.045,0.029,0.058,-0.029,0.081,0.017,0.064,0.066,0.132,-0.066,0.078,-0.15000000000000002,0.228
newuser2,1,5,98.30508474576271,103.58449158741772,0.155,0.092,0.063,0.12,-0.048000000000000015,0.168,0.056,0.113,-0.057,0.103,0.063,0.04,0.039,0.077,-0.038,0.118,0.046,0.072,0.072,0.145,-0.073,0.023,0.046,-0.023,0.069,0.017000000000000008,0.052,0.042,0.135,-0.093,0.046,0.092,-0.046,0.035,0.07,-0.035,0.125,0.121,0.004,0.011,0.022,-0.011,0.045,0.09,-0.045,0.122,0.069,0.053,0.121,0.032,0.089,0.126,0.125,0.001,0.087,0.087,0.0,0.004,0.008,-0.004,0.057,0.114,-0.057,0.113,0.113,0.0,0.043,0.086,-0.043,0.046,0.092,-0.046,0.037,0.074,-0.037,0.025,0.05,-0.025,0.014,0.028,-0.014,0.005,0.01,-0.005,0.073,0.146,-0.073,0.153,-0.01200000000000001,0.165,0.004,0.062,-0.058,0.055,0.11,-0.055,0.121,0.109,0.012,0.047,0.094,-0.047,0.068,-0.0059999999999999915,0.074,0.042,0.14100000000000001,-0.099,0.07,0.14,-0.07,0.071,0.05399999999999999,0.017,0.019,0.038,-0.019,0.011,0.020999999999999998,-0.01,0.016,0.032,-0.016,0.008,0.016,-0.008,0.09,-0.0030000000000000027,0.093,0.065,0.13,-0.065,0.02,0.04,-0.02,0.046,0.092,-0.046,0.048,0.096,-0.048,0.106,0.10099999999999999,0.005,0.055,0.11,-0.055,0.105,0.04699999999999999,0.058,0.07,0.14,-0.07,0.084,0.023000000000000007,0.061,0.068,0.136,-0.068,0.022,0.044,-0.022,0.074,0.038,0.036,0.096,0.192,-0.096,0.117,-0.053000000000000005,0.17
newuser2,1,6,93.54838709677419,87.43683159008108,0.09,-0.04300000000000001,0.133,0.004,0.003,0.001,0.059,0.118,-0.059,0.022,0.045,-0.023,0.027,0.054,-0.027,0.123,0.03899999999999999,0.084,0.064,0.128,-0.064,0.004,0.009000000000000001,-0.005,0.042,-0.006999999999999999,0.049,0.065,0.13,-0.065,0.059,0.11699999999999999,-0.058,0.067,0.134,-0.067,0.028,0.057,-0.029,0.122,0.121,0.001,0.057,0.114,-0.057,0.121,0.068,0.053,0.143,0.092,0.051,0.031,0.062,-0.031,0.007,0.014,-0.007,0.031,0.062,-0.031,0.03,0.06,-0.03,0.004,0.008,-0.004,0.048,0.097,-0.049,0.006,0.013000000000000001,-0.007,0.059,0.118,-0.059,0.089,0.066,0.023,0.098,0.098,0.0,0.044,0.088,-0.044,0.069,0.139,-0.07,0.139,0.097,0.042,0.061,0.123,-0.062,0.036,0.072,-0.036,0.12,0.11199999999999999,0.008,0.113,0.081,0.032,0.074,0.06,0.014,0.005,0.055,-0.05,0.037,0.074,-0.037,0.097,0.064,0.033,0.048,0.096,-0.048,0.09,0.071,0.019,0.046,0.092,-0.046,0.012,0.024,-0.012,0.15,0.09999999999999999,0.05,0.073,0.146,-0.073,0.123,0.073,0.05,0.048,0.096,-0.048,0.055,0.109,-0.054,0.1,0.063,0.037,0.118,0.11499999999999999,0.003,0.127,0.03900000000000001,0.088,0.07,0.14,-0.07,0.085,0.010000000000000009,0.075,0.043,0.087,-0.044,0.116,0.04100000000000001,0.075,0.098,0.094,0.004,0.095,0.193,-0.098,0.1,-0.068,0.168
newuser2,1,7,100,100.25929127052723,0.115,-0.002999999999999989,0.118,0.024,0.048,-0.024,0.051,0.102,-0.051,0.169,0.168,0.001,0.096,-0.094,0.19,0.132,-0.056999999999999995,0.189,0.076,0.153,-0.077,0.134,0.099,0.035,0.045,-0.024000000000000007,0.069,0.012,0.08399999999999999,-0.072,0.042,0.084,-0.042,0.022,0.044,-0.022,0.005,0.01,-0.005,0.128,0.053000000000000005,0.075,0.051,0.102,-0.051,0.124,0.066,0.058,0.079,0.025,0.054,0.027,0.054,-0.027,0.091,0.089,0.002,0.022,0.044,-0.022,0.032,0.063,-0.031,0.095,0.068,0.027,0.052,0.104,-0.052,0.048,0.097,-0.049,0.023,0.046,-0.023,0.008,0.017,-0.009,0.028,0.056,-0.028,0.015,0.03,-0.015,0.026,0.053,-0.027,0.037,0.075,-0.038,0.082,0.164,-0.082,0.004,0.008,-0.004,0.102,0.09799999999999999,0.004,0.034,0.068,-0.034,0.08,-0.0010000000000000009,0.081,0.03,0.11599999999999999,-0.086,0.044,0.088,-0.044,0.066,0.027000000000000003,0.039,0.021,0.043,-0.022,0.007,0.014,-0.007,0.004,0.008,-0.004,0.029,0.058,-0.029,0.092,0.038,0.054,0.014,0.028,-0.014,0.036,0.072,-0.036,0.036,0.072,-0.036,0.055,0.11,-0.055,0.083,0.059000000000000004,0.024,0.03,0.06,-0.03,0.107,0.061,0.046,0.089,0.178,-0.089,0.097,0.037000000000000005,0.06,0.067,0.134,-0.067,0.093,0.084,0.009,0.028,0.056,-0.028,0.036,0.072,-0.036,0.088,-0.389,0.477
newuser2,1,8,100,103.0500444181226,0.128,0.07400000000000001,0.054,0.137,0.131,0.006,0.037,0.074,-0.037,0.028,0.056,-0.028,0.031,0.062,-0.031,0.118,0.023999999999999994,0.094,0.061,0.122,-0.061,0.015,0.03,-0.015,0.08,0.036000000000000004,0.044,0.004,0.069,-0.065,0.043,0.086,-0.043,0.054,0.108,-0.054,0.049,0.098,-0.049,0.005,0.01,-0.005,0.034,0.068,-0.034,0.094,0.042,0.052,0.113,0.02500000000000001,0.088,0.103,0.09999999999999999,0.003,0.015,0.03,-0.015,0.03,0.061,-0.031,0.066,0.132,-0.066,0.01,0.02,-0.01,0.023,0.046,-0.023,0.057,0.114,-0.057,0.035,0.07,-0.035,0.094,-0.31999999999999995,0.414,0.131,-0.046999999999999986,0.178,0.044,0.088,-0.044,0.034,0.068,-0.034,0.007,0.014,-0.007,0.018,0.036,-0.018,0.047,0.094,-0.047,0.028,0.056,-0.028,0.026,0.052,-0.026,0.078,0.0030000000000000027,0.075,0.035,0.114,-0.079,0.041,0.082,-0.041,0.073,0.022999999999999993,0.05,0.036,0.073,-0.037,0.074,0.052,0.022,0.03,0.06,-0.03,0.036,0.072,-0.036,0.135,-0.062,0.197,0.03,0.06,-0.03,0.107,0.095,0.012,0.03,0.06,-0.03,0.067,0.134,-0.067,0.074,0.061,0.013,0.031,0.062,-0.031,0.099,0.049,0.05,0.081,0.162,-0.081,0.084,0.0010000000000000009,0.083,0.048,0.096,-0.048,0.008,0.016,-0.008,0.09,0.076,0.014,0.07,0.14,-0.07,0.072,-0.081,0.153
newuser2,1,9,100,112.78561011181333,0.137,0.08600000000000002,0.051,0.01,0.02,-0.01,0.071,0.142,-0.071,0.052,0.104,-0.052,0.027,0.054,-0.027,0.141,-0.006000000000000005,0.147,0.071,0.142,-0.071,0.02,0.04,-0.02,0.091,0.040999999999999995,0.05,0.088,0.197,-0.109,0.089,0.179,-0.09,0.005,0.01,-0.005,0.008,0.017,-0.009,0.006,0.012,-0.006,0.043,0.086,-0.043,0.136,0.095,0.041,0.154,0.098,0.056,0.028,0.056,-0.028,0.006,0.012,-0.006,0.028,0.056,-0.028,0.063,0.126,-0.063,0.091,0.08299999999999999,0.008,0.035,0.07,-0.035,0.044,0.088,-0.044,0.045,0.091,-0.046,0.031,0.063,-0.032,0.098,0.092,0.006,0.035,0.07,-0.035,0.044,0.088,-0.044,0.108,0.087,0.021,0.048,0.096,-0.048,0.056,0.112,-0.056,0.007,0.014,-0.007,0.099,0.198,-0.099,0.1,0.037000000000000005,0.063,0.038,0.122,-0.084,0.056,0.112,-0.056,0.094,0.063,0.031,0.026,0.052,-0.026,0.034,0.068,-0.034,0.005,0.01,-0.005,0.034,0.068,-0.034,0.124,0.112,0.012,0.009,0.018,-0.009,0.012,0.024,-0.012,0.068,0.136,-0.068,0.07,0.14,-0.07,0.08,0.021000000000000005,0.059,0.057,0.05,0.007,0.1,0.044000000000000004,0.056,0.071,0.142,-0.071,0.078,0.017,0.061,0.112,0.224,-0.112,0.114,0.113,0.001,0.064,0.062,0.002,0.074,0.017999999999999995,0.056,0.017,0.034,-0.017
newuser2,1,10,96.66666666666667,98.76543209876543,0.098,0.022000000000000006,0.076,0.055,0.111,-0.056,0.034,0.068,-0.034,0.086,0.08199999999999999,0.004,0.027,0.055,-0.028,0.125,0.425,-0.3,0.036,0.072,-0.036,0.095,0.087,0.008,0.081,0.024,0.057,0.029,0.095,-0.066,0.045,0.09,-0.045,0.135,0.04200000000000001,0.093,0.03,0.06,-0.03,0.008,0.016,-0.008,0.131,-0.04299999999999998,0.174,0.16,0.10200000000000001,0.058,0.089,0.0020000000000000018,0.087,0.035,0.07,-0.035,0.087,-0.0010000000000000009,0.088,0.056,0.112,-0.056,0.028,0.056,-0.028,0.022,0.044,-0.022,0.01,0.02,-0.01,0.08,0.161,-0.081,0.042,0.084,-0.042,0.082,0.08,0.002,0.092,-0.032,0.124,0.06,0.122,-0.062,0.016,0.032,-0.016,0.019,0.038,-0.019,0.047,0.094,-0.047,0.038,0.076,-0.038,0.011,0.022,-0.011,0.034,0.068,-0.034,0.083,0.0020000000000000018,0.081,0.021,0.108,-0.087,0.029,0.058,-0.029,0.065,0.010000000000000002,0.055,0.032,0.064,-0.032,0.092,0.071,0.021,0.033,0.066,-0.033,0.014,0.028,-0.014,0.106,0.078,0.028,0.01,0.02,-0.01,0.099,0.095,0.004,0.038,0.076,-0.038,0.048,0.096,-0.048,0.086,0.05499999999999999,0.031,0.01,0.02,-0.01,0.091,0.011999999999999997,0.079,0.06,0.12,-0.06,0.068,-0.0020000000000000018,0.07,0.065,0.13,-0.065,0.004,0.009000000000000001,-0.005,0.076,0.075,0.001,0.037,0.074,-0.037,0.075,0.622,-0.547
